timestamp,fidelity_score,rmse,mae,wasserstein,mk_mmd,status
2026-09-07 17:53:54.639775+00:00,,1.4576704336321178,1.452978335380554,1.452978335380554,1.0674595095169204,insufficient_history
2026-09-07 17:53:54.939775+00:00,,1.4747668924821316,1.4715783353805543,1.4715783353805543,1.0568391137904907,insufficient_history
2026-09-07 17:53:55.239775+00:00,,1.3902217047197414,1.3769283353805544,1.3769283353805541,1.1353729399163761,insufficient_history
2026-09-07 17:53:55.639775+00:00,,1.4471543778032823,1.4391283353805542,1.439128335380554,1.1712883681715465,insufficient_history
2026-09-07 17:53:55.939775+00:00,,1.4500282485875786,1.4407783353805543,1.440778335380554,1.2076159884095514,insufficient_history
2026-09-07 17:53:56.239775+00:00,,1.4757017779120476,1.472728335380554,1.4727283353805543,1.0699392273225035,insufficient_history
2026-09-07 17:53:56.639775+00:00,,1.422480636635766,1.4167783353805543,1.416778335380554,1.024467212819195,insufficient_history
2026-09-07 17:53:56.939775+00:00,,1.4073569801915928,1.398128335380554,1.398128335380554,1.097413193649697,insufficient_history
2026-09-07 17:53:57.239775+00:00,,1.4286578892287884,1.4213283353805541,1.4213283353805544,1.0500541606250324,insufficient_history
2026-09-07 17:53:57.639775+00:00,,1.4347194196587956,1.4271283353805542,1.4271283353805542,1.1211170617230661,insufficient_history
2026-09-07 17:53:57.939775+00:00,0.31052308950932683,1.4623117784668005,1.4588783353805541,1.4588783353805543,1.0666840808973477,ok
2026-09-07 17:53:58.239775+00:00,0.3291806268144768,1.4596965311658208,1.4559783353805542,1.455978335380554,1.0702216015651715,ok
2026-09-07 17:53:58.639775+00:00,0.5862823954894498,1.4145374570353952,1.3970283353805542,1.3970283353805542,1.2021880108903196,ok
2026-09-07 17:53:58.939775+00:00,0.561081153399015,1.424934264072564,1.414578335380554,1.4145783353805543,1.135526941009824,ok
2026-09-07 17:53:59.239775+00:00,1.2313098406651437,1.3494620822411314,1.327928335380554,1.327928335380554,1.1200793936939717,ok
2026-09-07 17:53:59.639775+00:00,0.6467355448096429,1.3700511582347976,1.3541283353805542,1.3541283353805542,1.1922008826633264,ok
2026-09-07 17:53:59.939775+00:00,1.0026606236417785,1.3219012107343673,1.2956283353805544,1.2956283353805542,1.1403604224917274,ok
2026-09-07 17:54:00.239775+00:00,0.4980524097708168,1.3850881243498205,1.3625283353805542,1.3625283353805542,1.1879622742230114,ok
2026-09-07 17:55:24.718910+00:00,0.4074838324364233,1.4309473214043913,1.4242783353805544,1.4242783353805542,1.0722307069203583,ok
2026-09-07 17:55:25.018910+00:00,0.2737657756624092,1.4597790935939055,1.4550783353805543,1.455078335380554,1.0682960131619854,ok
2026-09-07 17:55:25.318910+00:00,0.20256842009889264,1.4760017940944388,1.4736783353805543,1.4736783353805543,1.059048907717538,ok
2026-09-07 17:55:25.718910+00:00,0.3995941385594459,1.4142144111519892,1.4020283353805543,1.402028335380554,1.1471237733388964,ok
2026-09-07 17:55:26.018910+00:00,0.3167015041780952,1.4275758233008946,1.4174783353805542,1.4174783353805542,1.1589676131587776,ok
2026-09-08 18:15:52.311594+00:00,0.2807911787727979,1.4586889787604607,1.4542783353805542,1.4542783353805542,1.0684310202522984,ok
2026-09-08 18:15:52.611594+00:00,0.22779323094473536,1.4454453824041185,1.4354283353805541,1.4354283353805541,1.1640435594067455,ok
2026-09-08 18:15:52.911595+00:00,0.4646561681989019,1.4217636110105882,1.4143783353805541,1.4143783353805541,1.0637328334745813,ok
2026-09-08 18:15:53.311594+00:00,0.24678962355981038,1.4347709100952868,1.4213283353805544,1.4213283353805544,1.1915858525146534,ok
2026-09-08 18:51:30.935382+00:00,0.27711875891920157,1.4600344963734933,1.456728335380554,1.4567283353805542,1.0639550679885328,ok
2026-09-08 18:51:31.235382+00:00,0.1893662830934575,1.4745134047074706,1.4717283353805541,1.4717283353805541,1.0781325498185046,ok
2026-09-08 18:51:31.535382+00:00,0.19543910458701363,1.4499336866575716,1.4413783353805543,1.4413783353805543,1.1692727281336348,ok
2026-09-08 18:51:31.935382+00:00,0.5507193883266048,1.4006604805107195,1.3909283353805542,1.3909283353805542,1.075338057983185,ok
2026-09-08 18:51:32.235382+00:00,0.1188226163438002,1.4621053625719096,1.4553283353805542,1.4553283353805542,1.1797757965830697,ok
