timestamp,ue_id,cell_id,throughput_mbps_pred,packet_loss_pct_pred,latency_ms_pred,prb_utilization_pct_pred,jitter_ms_pred
2026-09-28 12:14:09.760309+00:00,ue-0,cell-0,1.6393805,2.0203793,15.692809,18.716159014749596,2.1787899
2026-09-28 12:14:09.760309+00:00,ue-1,cell-0,0.89681697,3.3449607,19.400587,18.725456867748793,2.9526334
2026-09-28 12:14:09.760309+00:00,ue-2,cell-0,1.5081787,1.8545595,15.692809,19.773944948975792,2.1787899
2026-09-28 12:14:09.760309+00:00,ue-3,cell-0,1.0143273,2.473532,18.476864,18.27111467275371,2.6082833
2026-09-28 12:14:09.760309+00:00,ue-4,cell-0,1.2357997,2.7696095,18.800533,17.97876732327637,3.0370553
2026-09-28 12:14:09.760309+00:00,ue-5,cell-0,1.4497364,1.9006917,15.719378,18.471720388127963,2.1787899
2026-09-28 12:14:09.860309+00:00,ue-0,cell-0,1.6641715,1.9597076,15.513921,18.673473053876588,2.1787899
2026-09-28 12:14:09.860309+00:00,ue-1,cell-0,0.8723127,3.2565482,19.349724,18.704381924270695,2.9526334
2026-09-28 12:14:09.860309+00:00,ue-2,cell-0,1.4893249,1.7712976,15.540492,19.557664354682363,2.1787899
2026-09-28 12:14:09.860309+00:00,ue-3,cell-0,0.988304,2.4386897,16.192816,18.637153163232348,2.1243458
2026-09-28 12:14:09.860309+00:00,ue-4,cell-0,1.228461,2.6647625,18.5719,17.97876732327637,2.6927052
2026-09-28 12:14:09.860309+00:00,ue-5,cell-0,1.4680022,1.8424449,15.540492,18.58509542876071,2.1787899
2026-09-28 12:14:09.960309+00:00,ue-0,cell-0,1.3918725,2.0203793,15.719378,17.88129206394687,2.1787899
2026-09-28 12:14:09.960309+00:00,ue-1,cell-0,0.58297396,3.4809406,19.633804,19.59510405019073,2.9391892
2026-09-28 12:14:09.960309+00:00,ue-2,cell-0,1.2892206,1.8545595,15.719378,17.71419165677725,2.1787899
2026-09-28 12:14:09.960309+00:00,ue-3,cell-0,0.7635652,2.755919,18.569443,18.80113483908054,2.573736
2026-09-28 12:14:09.960309+00:00,ue-4,cell-0,1.0794582,2.4542844,16.622725,18.019239145543757,2.3874028
2026-09-28 12:14:09.960309+00:00,ue-5,cell-0,1.2598656,1.8834581,15.719378,17.77535071633402,2.1787899
2026-09-28 12:14:10.060309+00:00,ue-0,cell-0,1.6371489,2.0146432,15.692809,18.716159014749596,2.1787899
2026-09-28 12:14:10.060309+00:00,ue-1,cell-0,0.7774281,3.4809406,19.651648,18.80113483908054,2.9391892
2026-09-28 12:14:10.060309+00:00,ue-2,cell-0,1.4893249,1.8488244,15.719378,19.557664354682363,2.1787899
2026-09-28 12:14:10.060309+00:00,ue-3,cell-0,0.9637021,2.792646,18.768177,18.725456867748793,2.9526334
2026-09-28 12:14:10.060309+00:00,ue-4,cell-0,1.228461,2.4179819,18.707954,17.97876732327637,3.0315552
2026-09-28 12:14:10.060309+00:00,ue-5,cell-0,1.412025,1.877723,15.719378,17.88937475584942,2.1787899
2026-09-28 12:14:10.160309+00:00,ue-0,cell-0,1.3918725,2.0203793,15.719378,17.88129206394687,2.1787899
2026-09-28 12:14:10.160309+00:00,ue-1,cell-0,0.6117426,3.63851,19.829071,19.58389034333879,2.9391892
2026-09-28 12:14:10.160309+00:00,ue-2,cell-0,1.3170613,1.8545595,15.719378,17.71419165677725,2.1787899
2026-09-28 12:14:10.160309+00:00,ue-3,cell-0,0.75612104,2.4501235,18.476864,18.80113483908054,2.5682359
2026-09-28 12:14:10.160309+00:00,ue-4,cell-0,1.0168415,2.733935,18.569443,18.27111467275371,2.573736
2026-09-28 12:14:10.160309+00:00,ue-5,cell-0,1.2280619,1.8572326,15.719378,17.97876732327637,2.1787899
2026-09-28 12:14:10.260309+00:00,ue-0,cell-0,1.3918725,2.0203793,15.719378,17.88129206394687,2.1787899
2026-09-28 12:14:10.260309+00:00,ue-1,cell-0,0.6117426,3.628462,19.662931,19.58389034333879,2.9391892
2026-09-28 12:14:10.260309+00:00,ue-2,cell-0,1.3170613,1.8545595,15.719378,17.71419165677725,2.1787899
2026-09-28 12:14:10.260309+00:00,ue-3,cell-0,0.74463814,2.7983809,18.770603,18.752794899667155,2.9526334
2026-09-28 12:14:10.260309+00:00,ue-4,cell-0,0.8609953,2.396416,16.6019,18.704381924270695,2.3473554
2026-09-28 12:14:10.260309+00:00,ue-5,cell-0,1.2280619,1.8572326,15.719378,17.97876732327637,2.1787899
2026-09-28 12:14:10.360309+00:00,ue-0,cell-0,1.6393805,2.0203793,15.692809,18.716159014749596,2.1787899
2026-09-28 12:14:10.360309+00:00,ue-1,cell-0,0.9115115,3.5576937,19.308792,18.725456867748793,2.9391892
2026-09-28 12:14:10.360309+00:00,ue-2,cell-0,1.5360194,1.8545595,15.692809,19.909731063500196,2.1787899
2026-09-28 12:14:10.360309+00:00,ue-3,cell-0,0.97507924,2.755919,18.569443,18.725456867748793,2.573736
2026-09-28 12:14:10.360309+00:00,ue-4,cell-0,1.0799536,2.3385031,16.328873,18.019239145543757,2.2005048
2026-09-28 12:14:10.360309+00:00,ue-5,cell-0,1.4292331,1.8805728,15.719378,18.471720388127963,2.1787899
2026-09-28 12:14:10.460309+00:00,ue-0,cell-0,1.6641715,1.9597076,15.513921,18.673473053876588,2.1787899
2026-09-28 12:14:10.460309+00:00,ue-1,cell-0,0.8988988,3.3864093,19.220388,18.725456867748793,2.841607
2026-09-28 12:14:10.460309+00:00,ue-2,cell-0,1.5171657,1.7712976,15.513921,19.909731063500196,2.1787899
2026-09-28 12:14:10.460309+00:00,ue-3,cell-0,0.9066039,2.3362448,15.592702,18.725456867748793,2.0550532
2026-09-28 12:14:10.460309+00:00,ue-4,cell-0,1.0726149,2.3502204,16.192816,18.087301273073095,2.0550532
2026-09-28 12:14:10.460309+00:00,ue-5,cell-0,1.4474992,1.822326,15.540492,18.471720388127963,2.1787899
2026-09-28 12:14:10.560309+00:00,ue-0,cell-0,1.6393805,2.0203793,15.692809,18.716159014749596,2.1787899
2026-09-28 12:14:10.560309+00:00,ue-1,cell-0,0.89681697,3.3449607,19.400587,18.725456867748793,2.9526334
2026-09-28 12:14:10.560309+00:00,ue-2,cell-0,1.5360194,1.8545595,15.692809,19.909731063500196,2.1787899
2026-09-28 12:14:10.560309+00:00,ue-3,cell-0,1.0000553,2.7941248,19.133081,18.743290663256712,2.9526334
2026-09-28 12:14:10.560309+00:00,ue-4,cell-0,1.2248207,2.402747,16.769526,17.97876732327637,2.4317772
2026-09-28 12:14:10.560309+00:00,ue-5,cell-0,1.3935835,1.895346,15.719378,17.88129206394687,2.1787899
2026-09-28 12:14:10.660309+00:00,ue-0,cell-0,1.6641715,1.9597076,15.513921,18.673473053876588,2.1787899
2026-09-28 12:14:10.660309+00:00,ue-1,cell-0,0.8759771,3.351427,19.220388,18.704381924270695,2.9526334
2026-09-28 12:14:10.660309+00:00,ue-2,cell-0,1.5171657,1.7712976,15.513921,19.909731063500196,2.1787899
2026-09-28 12:14:10.660309+00:00,ue-3,cell-0,0.9729073,2.7323163,18.433388,18.725456867748793,2.573736
2026-09-28 12:14:10.660309+00:00,ue-4,cell-0,1.2174821,2.5068376,16.906488,17.97876732327637,2.5890474
2026-09-28 12:14:10.660309+00:00,ue-5,cell-0,1.4118496,1.8370992,15.540492,17.88937475584942,2.1787899
2026-09-28 12:14:10.760309+00:00,ue-0,cell-0,1.6393805,2.0203793,15.692809,18.716159014749596,2.1787899
2026-09-28 12:14:10.760309+00:00,ue-1,cell-0,0.886637,3.456674,19.271252,18.704381924270695,2.9391892
2026-09-28 12:14:10.760309+00:00,ue-2,cell-0,1.5360194,1.8731132,15.692809,19.909731063500196,2.1787899
2026-09-28 12:14:10.760309+00:00,ue-3,cell-0,0.95639443,2.3997931,16.6019,18.725456867748793,2.3473554
2026-09-28 12:14:10.760309+00:00,ue-4,cell-0,1.3806669,2.48358,18.707954,17.88129206394687,3.0716026
2026-09-28 12:14:10.760309+00:00,ue-5,cell-0,1.4292331,1.8805728,15.719378,18.471720388127963,2.1787899
2026-09-28 12:14:10.860309+00:00,ue-0,cell-0,1.6641715,1.9597076,15.513921,18.673473053876588,2.1787899
2026-09-28 12:14:10.860309+00:00,ue-1,cell-0,0.8621327,3.3487408,19.220388,18.704381924270695,2.9526334
2026-09-28 12:14:10.860309+00:00,ue-2,cell-0,1.5171657,1.7898513,15.513921,19.909731063500196,2.1787899
2026-09-28 12:14:10.860309+00:00,ue-3,cell-0,0.95625776,2.7856169,18.632124,18.725456867748793,2.4972758
2026-09-28 12:14:10.860309+00:00,ue-4,cell-0,1.2174821,2.4425938,16.63347,17.97876732327637,2.4317772
2026-09-28 12:14:10.860309+00:00,ue-5,cell-0,1.4474992,1.822326,15.540492,18.471720388127963,2.1787899
2026-09-28 12:14:10.960309+00:00,ue-0,cell-0,1.3918725,2.0203793,15.719378,17.88129206394687,2.1787899
2026-09-28 12:14:10.960309+00:00,ue-1,cell-0,0.5870006,3.5016413,19.633804,19.62102397822614,2.9391892
2026-09-28 12:14:10.960309+00:00,ue-2,cell-0,1.3170613,1.8545595,15.719378,17.71419165677725,2.1787899
2026-09-28 12:14:10.960309+00:00,ue-3,cell-0,0.7571331,2.1707044,16.021889,18.80113483908054,2.0479414
2026-09-28 12:14:10.960309+00:00,ue-4,cell-0,1.0058626,2.4308765,16.328873,18.743290663256712,2.2697973
2026-09-28 12:14:10.960309+00:00,ue-5,cell-0,1.2598656,1.8834581,15.719378,17.77535071633402,2.1787899
2026-09-28 12:14:11.060309+00:00,ue-0,cell-0,1.6641715,1.9597076,15.513921,18.673473053876588,2.1787899
2026-09-28 12:14:11.060309+00:00,ue-1,cell-0,0.7814546,3.425541,19.707405,18.80113483908054,2.841607
2026-09-28 12:14:11.060309+00:00,ue-2,cell-0,1.5171657,1.7712976,15.513921,19.909731063500196,2.1787899
2026-09-28 12:14:11.060309+00:00,ue-3,cell-0,0.95422256,2.417106,16.192816,18.725456867748793,2.1243458
2026-09-28 12:14:11.060309+00:00,ue-4,cell-0,1.3733282,2.4824834,18.5719,17.88129206394687,2.6927052
2026-09-28 12:14:11.060309+00:00,ue-5,cell-0,1.4970899,1.8252113,15.540492,19.525393882098076,2.1787899
2026-09-28 12:14:11.160309+00:00,ue-0,cell-0,1.6393805,2.0329785,15.692809,18.716159014749596,2.1787899
2026-09-28 12:14:11.160309+00:00,ue-1,cell-0,0.8796339,3.5169036,19.308792,18.704381924270695,2.9391892
2026-09-28 12:14:11.160309+00:00,ue-2,cell-0,1.6625748,2.0040166,15.692809,18.673473053876588,2.1787899
2026-09-28 12:14:11.160309+00:00,ue-3,cell-0,1.0101728,2.188973,16.021889,18.317741304581094,2.0479414
2026-09-28 12:14:11.160309+00:00,ue-4,cell-0,1.2248207,2.4308765,17.042543,17.97876732327637,2.549
2026-09-28 12:14:11.160309+00:00,ue-5,cell-0,1.4788238,1.8821867,15.719378,18.58509542876071,2.1787899
2026-09-28 12:14:11.260309+00:00,ue-0,cell-0,1.6371489,1.9723065,15.530056,18.716159014749596,2.1787899
2026-09-28 12:14:11.260309+00:00,ue-1,cell-0,0.8952345,3.396043,19.289656,18.704381924270695,2.841607
2026-09-28 12:14:11.260309+00:00,ue-2,cell-0,1.643721,1.9207543,15.530056,18.716159014749596,2.1787899
2026-09-28 12:14:11.260309+00:00,ue-3,cell-0,1.0028342,2.1835055,15.901969,18.743290663256712,2.0479414
2026-09-28 12:14:11.260309+00:00,ue-4,cell-0,1.211658,2.3540938,16.384867,17.97876732327637,2.2849267
2026-09-28 12:14:11.260309+00:00,ue-5,cell-0,1.4970899,1.8239398,15.556627,19.525393882098076,2.1787899
2026-09-28 12:14:11.360309+00:00,ue-0,cell-0,1.6393805,2.0203793,15.692809,18.716159014749596,2.1787899
2026-09-28 12:14:11.360309+00:00,ue-1,cell-0,0.9226555,3.1568706,19.425116,18.725456867748793,2.9526334
2026-09-28 12:14:11.360309+00:00,ue-2,cell-0,1.6625748,2.0040166,15.692809,18.673473053876588,2.1787899
2026-09-28 12:14:11.360309+00:00,ue-3,cell-0,1.0111165,2.442603,18.476864,18.317741304581094,2.5682359
2026-09-28 12:14:11.360309+00:00,ue-4,cell-0,1.2248207,2.457688,16.769526,17.97876732327637,2.4718246
2026-09-28 12:14:11.360309+00:00,ue-5,cell-0,1.4788238,1.8834581,15.719378,18.58509542876071,2.1787899
2026-09-28 12:14:11.460309+00:00,ue-0,cell-0,1.6641715,1.9597076,15.513921,18.673473053876588,2.1787899
2026-09-28 12:14:11.460309+00:00,ue-1,cell-0,0.882033,3.07208,19.289062,18.704381924270695,2.9526334
2026-09-28 12:14:11.460309+00:00,ue-2,cell-0,1.643721,1.9207543,15.513921,18.716159014749596,2.1787899
2026-09-28 12:14:11.460309+00:00,ue-3,cell-0,1.0297464,2.119553,15.760604,18.27111467275371,2.0479414
2026-09-28 12:14:11.460309+00:00,ue-4,cell-0,1.2174821,2.4634564,16.906488,17.97876732327637,2.5890474
2026-09-28 12:14:11.460309+00:00,ue-5,cell-0,1.4970899,1.8173491,15.4248705,19.525393882098076,2.1787899
2026-09-28 12:14:11.560309+00:00,ue-0,cell-0,1.6393805,2.0203793,15.692809,18.716159014749596,2.1787899
2026-09-28 12:14:11.560309+00:00,ue-1,cell-0,1.1054497,2.8588247,18.985485,18.019239145543757,2.9526334
2026-09-28 12:14:11.560309+00:00,ue-2,cell-0,1.5360194,1.8545595,15.692809,19.909731063500196,2.1787899
2026-09-28 12:14:11.560309+00:00,ue-3,cell-0,1.0101728,2.185302,16.021889,18.317741304581094,2.0479414
2026-09-28 12:14:11.560309+00:00,ue-4,cell-0,1.3806669,2.5103917,18.707954,17.88129206394687,3.0716026
2026-09-28 12:14:11.560309+00:00,ue-5,cell-0,1.4788238,1.8623006,15.5609255,18.58509542876071,2.1787899
2026-09-28 12:14:11.660309+00:00,ue-0,cell-0,1.6641715,1.9597076,15.513921,18.673473053876588,2.1787899
2026-09-28 12:14:11.660309+00:00,ue-1,cell-0,1.0668188,2.8467546,18.602057,18.27111467275371,2.4972758
2026-09-28 12:14:11.660309+00:00,ue-2,cell-0,1.5171657,1.7712976,15.513921,19.909731063500196,2.1787899
2026-09-28 12:14:11.660309+00:00,ue-3,cell-0,1.0028342,2.172921,15.876559,18.743290663256712,2.0479414
2026-09-28 12:14:11.660309+00:00,ue-4,cell-0,1.2174821,2.4634564,16.906488,17.97876732327637,2.5890474
2026-09-28 12:14:11.660309+00:00,ue-5,cell-0,1.497848,1.9584352,15.787572,19.525393882098076,2.1787899
2026-09-28 12:14:11.760309+00:00,ue-0,cell-0,1.6393805,2.0203793,15.692809,18.716159014749596,2.1787899
2026-09-28 12:14:11.760309+00:00,ue-1,cell-0,1.0741575,2.78616,18.768177,18.087301273073095,2.9526334
2026-09-28 12:14:11.760309+00:00,ue-2,cell-0,1.5360194,1.8545595,15.692809,19.909731063500196,2.1787899
2026-09-28 12:14:11.760309+00:00,ue-3,cell-0,1.0171974,2.1520455,15.975589,18.27111467275371,2.0479414
2026-09-28 12:14:11.760309+00:00,ue-4,cell-0,1.2248207,2.457688,16.769526,17.97876732327637,2.4718246
2026-09-28 12:14:11.760309+00:00,ue-5,cell-0,1.4795822,2.016895,15.923627,18.58509542876071,2.1787899
2026-09-28 12:14:11.860309+00:00,ue-0,cell-0,1.6641715,1.9597076,15.513921,18.673473053876588,2.1787899
2026-09-28 12:14:11.860309+00:00,ue-1,cell-0,1.0668188,2.773396,18.717117,18.27111467275371,2.9526334
2026-09-28 12:14:11.860309+00:00,ue-2,cell-0,1.5171657,1.7712976,15.513921,19.909731063500196,2.1787899
2026-09-28 12:14:11.860309+00:00,ue-3,cell-0,0.9829468,2.1798346,15.885834,18.637153163232348,2.0479414
2026-09-28 12:14:11.860309+00:00,ue-4,cell-0,1.2174821,2.371083,16.63347,17.97876732327637,2.4317772
2026-09-28 12:14:11.860309+00:00,ue-5,cell-0,1.3111429,2.0137625,15.691075,17.71419165677725,2.1787899
2026-09-28 12:14:11.960309+00:00,ue-0,cell-0,1.6393805,2.0203793,15.692809,18.716159014749596,2.1787899
2026-09-28 12:14:11.960309+00:00,ue-1,cell-0,1.1154339,2.7854662,19.007282,18.019239145543757,2.9526334
2026-09-28 12:14:11.960309+00:00,ue-2,cell-0,1.5360194,1.8545595,15.692809,19.909731063500196,2.1787899
2026-09-28 12:14:11.960309+00:00,ue-3,cell-0,1.1028241,2.155327,16.012615,18.019239145543757,2.0479414
2026-09-28 12:14:11.960309+00:00,ue-4,cell-0,1.2389095,2.457688,17.042543,17.97876732327637,2.5890474
2026-09-28 12:14:11.960309+00:00,ue-5,cell-0,1.2928768,2.0209827,15.82713,17.71419165677725,2.1787899
2026-09-28 12:14:12.060309+00:00,ue-0,cell-0,1.6641715,1.9597076,15.513921,18.673473053876588,2.1787899
2026-09-28 12:14:12.060309+00:00,ue-1,cell-0,0.8815531,3.1501436,19.289062,18.704381924270695,2.9526334
2026-09-28 12:14:12.060309+00:00,ue-2,cell-0,1.5171657,1.7712976,15.513921,19.909731063500196,2.1787899
2026-09-28 12:14:12.060309+00:00,ue-3,cell-0,1.0098587,2.120435,15.760604,18.317741304581094,2.0479414
2026-09-28 12:14:12.060309+00:00,ue-4,cell-0,1.387417,2.700656,18.5719,17.88129206394687,2.6581578
2026-09-28 12:14:12.060309+00:00,ue-5,cell-0,1.2998888,2.1208243,16.201248,17.71419165677725,2.1323633
2026-09-28 12:14:12.160309+00:00,ue-0,cell-0,1.6393805,2.0203793,15.692809,18.716159014749596,2.1787899
2026-09-28 12:14:12.160309+00:00,ue-1,cell-0,1.0743637,2.8395922,19.692005,18.087301273073095,2.9526334
2026-09-28 12:14:12.160309+00:00,ue-2,cell-0,1.5360194,1.8545595,15.692809,19.909731063500196,2.1787899
2026-09-28 12:14:12.160309+00:00,ue-3,cell-0,1.0284514,2.0719836,15.386479,18.27111467275371,2.0479414
2026-09-28 12:14:12.160309+00:00,ue-4,cell-0,1.3806669,2.7937984,18.800533,17.88129206394687,3.0370553
2026-09-28 12:14:12.160309+00:00,ue-5,cell-0,1.2033975,2.299657,16.504787,17.97876732327637,2.3624847
2026-09-28 12:14:12.260309+00:00,ue-0,cell-0,1.6641715,1.9597076,15.513921,18.673473053876588,2.1787899
2026-09-28 12:14:12.260309+00:00,ue-1,cell-0,1.0833048,2.9123738,18.440828,18.019239145543757,2.573736
2026-09-28 12:14:12.260309+00:00,ue-2,cell-0,1.5171657,1.7712976,15.513921,19.909731063500196,2.1787899
2026-09-28 12:14:12.260309+00:00,ue-3,cell-0,1.0211128,2.0351062,15.250425,18.27111467275371,2.094368
2026-09-28 12:14:12.260309+00:00,ue-4,cell-0,1.3733282,2.7645993,18.664478,17.88129206394687,2.5816977
2026-09-28 12:14:12.260309+00:00,ue-5,cell-0,1.2828002,2.6431692,18.5719,17.71419165677725,2.6927052
2026-09-28 12:14:12.360309+00:00,ue-0,cell-0,1.6393805,2.0203793,15.692809,18.716159014749596,2.1787899
2026-09-28 12:14:12.360309+00:00,ue-1,cell-0,1.1420212,2.633217,18.476864,17.993707321393757,2.6082833
2026-09-28 12:14:12.360309+00:00,ue-2,cell-0,1.5360194,1.8545595,15.692809,19.909731063500196,2.1787899
2026-09-28 12:14:12.360309+00:00,ue-3,cell-0,1.2352808,2.039274,15.82713,17.97876732327637,2.1787899
2026-09-28 12:14:12.360309+00:00,ue-4,cell-0,1.2248207,2.4308765,16.769526,17.97876732327637,2.4317772
2026-09-28 12:14:12.360309+00:00,ue-5,cell-0,1.2195402,2.3852708,16.769526,17.97876732327637,2.4317772
2026-09-28 12:14:12.460309+00:00,ue-0,cell-0,1.6641715,1.9597076,15.513921,18.673473053876588,2.1787899
2026-09-28 12:14:12.460309+00:00,ue-1,cell-0,1.1346825,2.4483914,18.340809,18.019239145543757,2.5682359
2026-09-28 12:14:12.460309+00:00,ue-2,cell-0,1.5171657,1.7712976,15.513921,19.909731063500196,2.1787899
2026-09-28 12:14:12.460309+00:00,ue-3,cell-0,1.2279421,2.0023975,15.691075,17.97876732327637,2.1787899
2026-09-28 12:14:12.460309+00:00,ue-4,cell-0,1.2174821,2.4425938,16.63347,17.97876732327637,2.4317772
2026-09-28 12:14:12.460309+00:00,ue-5,cell-0,1.2243732,2.8367138,18.936722,17.97876732327637,3.0370553
2026-09-28 12:14:12.560309+00:00,ue-0,cell-0,1.6393805,2.0203793,15.692809,18.716159014749596,2.1787899
2026-09-28 12:14:12.560309+00:00,ue-1,cell-0,1.1389301,2.6284883,18.476864,17.993707321393757,2.6082833
2026-09-28 12:14:12.560309+00:00,ue-2,cell-0,1.5081787,1.8545595,15.692809,19.773944948975792,2.1787899
2026-09-28 12:14:12.560309+00:00,ue-3,cell-0,1.4153976,1.8847485,15.621961,18.358258478383583,2.1787899
2026-09-28 12:14:12.560309+00:00,ue-4,cell-0,1.2389095,2.457688,16.769526,17.97876732327637,2.4718246
2026-09-28 12:14:12.560309+00:00,ue-5,cell-0,1.2454703,2.7831647,19.364172,17.97876732327637,3.0370553
2026-09-28 12:14:12.660309+00:00,ue-0,cell-0,1.6641715,1.9597076,15.513921,18.673473053876588,2.1787899
2026-09-28 12:14:12.660309+00:00,ue-1,cell-0,1.0704546,2.3176463,15.928087,18.087301273073095,2.0550532
2026-09-28 12:14:12.660309+00:00,ue-2,cell-0,1.4893249,1.7712976,15.540492,19.557664354682363,2.1787899
2026-09-28 12:14:12.660309+00:00,ue-3,cell-0,1.408059,1.8514197,15.4248705,17.88937475584942,2.1787899
2026-09-28 12:14:12.660309+00:00,ue-4,cell-0,1.2315708,2.4634564,16.63347,17.97876732327637,2.4718246
2026-09-28 12:14:12.660309+00:00,ue-5,cell-0,1.0436422,3.0855343,19.289062,18.27111467275371,2.9526334
2026-09-28 12:14:12.760309+00:00,ue-0,cell-0,1.6393805,2.0203793,15.692809,18.716159014749596,2.1787899
2026-09-28 12:14:12.760309+00:00,ue-1,cell-0,1.1441382,2.162746,16.021889,17.993707321393757,2.0479414
2026-09-28 12:14:12.760309+00:00,ue-2,cell-0,1.5360194,1.8823493,15.692809,19.909731063500196,2.1787899
2026-09-28 12:14:12.760309+00:00,ue-3,cell-0,1.4400997,1.9140244,15.5609255,18.471720388127963,2.1787899
2026-09-28 12:14:12.760309+00:00,ue-4,cell-0,1.2389095,2.457688,16.769526,17.97876732327637,2.4718246
2026-09-28 12:14:12.760309+00:00,ue-5,cell-0,0.82914835,3.531953,19.651648,18.704381924270695,2.9391892
2026-09-28 12:14:12.860309+00:00,ue-0,cell-0,1.6371489,1.9621315,15.530056,18.716159014749596,2.1787899
2026-09-28 12:14:12.860309+00:00,ue-1,cell-0,1.0798174,2.2943056,15.944222,18.019239145543757,2.0550532
2026-09-28 12:14:12.860309+00:00,ue-2,cell-0,1.5171657,1.8241025,15.530056,19.909731063500196,2.1787899
2026-09-28 12:14:12.860309+00:00,ue-3,cell-0,1.4327611,1.8735983,15.502041,18.471720388127963,2.1787899
2026-09-28 12:14:12.860309+00:00,ue-4,cell-0,1.387417,2.5184531,18.588034,17.88129206394687,2.616245
2026-09-28 12:14:12.860309+00:00,ue-5,cell-0,0.85723174,3.4887156,19.72354,18.704381924270695,2.9391892
2026-09-28 12:14:12.960309+00:00,ue-0,cell-0,1.5861517,2.1590474,15.540818,18.721903688471215,2.1323633
2026-09-28 12:14:12.960309+00:00,ue-1,cell-0,1.1128557,2.1650658,15.856278,18.019239145543757,2.0479414
2026-09-28 12:14:12.960309+00:00,ue-2,cell-0,1.6331409,2.1664884,15.540818,18.716159014749596,2.1323633
2026-09-28 12:14:12.960309+00:00,ue-3,cell-0,1.4118528,2.1319242,15.771636,17.88937475584942,2.1323633
2026-09-28 12:14:12.960309+00:00,ue-4,cell-0,1.2099043,2.5245667,16.523556,17.97876732327637,2.4718246
2026-09-28 12:14:12.960309+00:00,ue-5,cell-0,0.8178576,3.637362,19.687122,18.704381924270695,2.9391892
2026-09-28 12:14:13.060309+00:00,ue-0,cell-0,1.5898492,2.128935,15.447556,18.721903688471215,2.1323633
2026-09-28 12:14:13.060309+00:00,ue-1,cell-0,1.2290922,2.1286287,16.260746,17.97876732327637,2.1323633
2026-09-28 12:14:13.060309+00:00,ue-2,cell-0,1.6368386,2.1318214,15.447556,18.716159014749596,2.1323633
2026-09-28 12:14:13.060309+00:00,ue-3,cell-0,1.4155504,2.095487,15.678373,18.358258478383583,2.1323633
2026-09-28 12:14:13.060309+00:00,ue-4,cell-0,1.2136018,2.312299,16.577013,17.97876732327637,2.3624847
2026-09-28 12:14:13.060309+00:00,ue-5,cell-0,0.9504486,3.7201135,20.349606,18.725456867748793,2.9391892
2026-09-28 12:14:13.160309+00:00,ue-0,cell-0,1.5873512,2.1590474,16.046427,18.721903688471215,2.1323633
2026-09-28 12:14:13.160309+00:00,ue-1,cell-0,1.2393004,2.1557207,16.80253,17.97876732327637,2.4725957
2026-09-28 12:14:13.160309+00:00,ue-2,cell-0,1.6181644,2.1664884,16.046427,18.721903688471215,2.1323633
2026-09-28 12:14:13.160309+00:00,ue-3,cell-0,1.1818097,2.1399412,15.876384,18.04245738705341,2.0479414
2026-09-28 12:14:13.160309+00:00,ue-4,cell-0,1.050683,2.3771737,16.352892,18.27111467275371,2.2697973
2026-09-28 12:14:13.160309+00:00,ue-5,cell-0,0.9368117,3.7278736,18.954268,18.725456867748793,2.9391892
2026-09-28 12:14:13.260309+00:00,ue-0,cell-0,1.5898492,1.9874923,15.447556,18.721903688471215,2.1787899
2026-09-28 12:14:13.260309+00:00,ue-1,cell-0,1.1888008,1.9868251,15.141227,17.97876732327637,2.094368
2026-09-28 12:14:13.260309+00:00,ue-2,cell-0,1.6368386,1.9711304,15.447556,18.716159014749596,2.1787899
2026-09-28 12:14:13.260309+00:00,ue-3,cell-0,1.39009,1.855411,15.315672,17.88129206394687,2.1787899
2026-09-28 12:14:13.260309+00:00,ue-4,cell-0,1.445708,2.1927533,16.260746,18.471720388127963,2.1323633
2026-09-28 12:14:13.260309+00:00,ue-5,cell-0,0.82155526,3.6557739,19.599037,18.704381924270695,2.9391892
2026-09-28 12:14:13.360309+00:00,ue-0,cell-0,1.6393805,2.0203793,15.692809,18.716159014749596,2.1787899
2026-09-28 12:14:13.360309+00:00,ue-1,cell-0,1.1942208,2.0795872,15.733916,17.97876732327637,2.0479414
2026-09-28 12:14:13.360309+00:00,ue-2,cell-0,1.6672417,1.9722162,15.692809,18.673473053876588,2.1787899
2026-09-28 12:14:13.360309+00:00,ue-3,cell-0,1.4400997,1.8975554,15.5609255,18.471720388127963,2.1787899
2026-09-28 12:14:13.360309+00:00,ue-4,cell-0,1.4750892,2.2928362,16.453257,18.58509542876071,2.3624847
2026-09-28 12:14:13.360309+00:00,ue-5,cell-0,0.820875,3.674936,19.846914,18.704381924270695,2.9391892
2026-09-28 12:14:13.460309+00:00,ue-0,cell-0,1.6641715,1.9597076,15.513921,18.673473053876588,2.1787899
2026-09-28 12:14:13.460309+00:00,ue-1,cell-0,1.1756283,2.1718256,15.760604,18.04245738705341,2.0479414
2026-09-28 12:14:13.460309+00:00,ue-2,cell-0,1.6483879,1.888954,15.513921,18.716159014749596,2.1787899
2026-09-28 12:14:13.460309+00:00,ue-3,cell-0,1.4335194,1.9936899,15.787572,18.471720388127963,2.1787899
2026-09-28 12:14:13.460309+00:00,ue-4,cell-0,1.4677505,2.2886958,16.317202,18.58509542876071,2.2849267
2026-09-28 12:14:13.460309+00:00,ue-5,cell-0,0.8008836,3.4699693,19.707405,18.704381924270695,2.9391892
2026-09-28 12:14:13.560309+00:00,ue-0,cell-0,1.6393805,2.0203793,15.692809,18.716159014749596,2.1787899
2026-09-28 12:14:13.560309+00:00,ue-1,cell-0,1.2072928,2.0652578,15.82713,17.97876732327637,2.1323633
2026-09-28 12:14:13.560309+00:00,ue-2,cell-0,1.6672417,1.9722162,15.692809,18.673473053876588,2.1787899
2026-09-28 12:14:13.560309+00:00,ue-3,cell-0,1.1928244,2.188789,16.012615,17.97876732327637,2.0479414
2026-09-28 12:14:13.560309+00:00,ue-4,cell-0,1.4200966,2.1556127,16.174559,18.358258478383583,2.1323633
2026-09-28 12:14:13.560309+00:00,ue-5,cell-0,0.92112637,3.3844845,19.400587,18.725456867748793,2.841607
2026-09-28 12:14:13.660309+00:00,ue-0,cell-0,1.6641715,1.9597076,15.513921,18.673473053876588,2.1787899
2026-09-28 12:14:13.660309+00:00,ue-1,cell-0,1.1999542,2.0359836,15.597861,17.97876732327637,2.094368
2026-09-28 12:14:13.660309+00:00,ue-2,cell-0,1.6483879,1.888954,15.513921,18.716159014749596,2.1787899
2026-09-28 12:14:13.660309+00:00,ue-3,cell-0,1.2123979,2.1538968,16.201248,17.97876732327637,2.1323633
2026-09-28 12:14:13.660309+00:00,ue-4,cell-0,1.3899889,2.2273855,16.201248,17.88129206394687,2.1323633
2026-09-28 12:14:13.660309+00:00,ue-5,cell-0,0.8966221,3.3273234,19.273521,18.704381924270695,2.9526334
2026-09-28 12:14:13.760309+00:00,ue-0,cell-0,1.6393805,2.0203793,15.692809,18.716159014749596,2.1787899
2026-09-28 12:14:13.760309+00:00,ue-1,cell-0,1.2816657,2.203081,16.453257,17.71419165677725,2.355373
2026-09-28 12:14:13.760309+00:00,ue-2,cell-0,1.6574913,1.964786,15.692809,18.678447110227705,2.1787899
2026-09-28 12:14:13.760309+00:00,ue-3,cell-0,1.2309906,2.0550523,15.82713,17.97876732327637,2.1323633
2026-09-28 12:14:13.760309+00:00,ue-4,cell-0,1.4228474,2.1497004,16.174559,18.358258478383583,2.1323633
2026-09-28 12:14:13.760309+00:00,ue-5,cell-0,0.9382487,2.9601316,19.519348,18.725456867748793,2.9526334
2026-09-28 12:14:13.860309+00:00,ue-0,cell-0,1.6641715,1.9597076,15.513921,18.673473053876588,2.1787899
2026-09-28 12:14:13.860309+00:00,ue-1,cell-0,1.274327,2.2239559,16.317202,17.71419165677725,2.2778149
2026-09-28 12:14:13.860309+00:00,ue-2,cell-0,1.6386375,1.8815238,15.513921,18.716159014749596,2.1787899
2026-09-28 12:14:13.860309+00:00,ue-3,cell-0,1.223652,2.0257783,16.038504,17.97876732327637,2.1787899
2026-09-28 12:14:13.860309+00:00,ue-4,cell-0,1.4039936,2.0802042,15.691075,17.88937475584942,2.1323633
2026-09-28 12:14:13.860309+00:00,ue-5,cell-0,0.9228759,3.0913465,19.289062,18.725456867748793,2.9526334
2026-09-28 12:14:13.960309+00:00,ue-0,cell-0,1.6393805,2.0203793,15.692809,18.716159014749596,2.1787899
2026-09-28 12:14:13.960309+00:00,ue-1,cell-0,1.1189598,2.2591279,15.867351,18.019239145543757,2.0479414
2026-09-28 12:14:13.960309+00:00,ue-2,cell-0,1.6574913,2.0040166,15.692809,18.678447110227705,2.1787899
2026-09-28 12:14:13.960309+00:00,ue-3,cell-0,1.1401323,2.2797015,15.867351,17.993707321393757,2.0479414
2026-09-28 12:14:13.960309+00:00,ue-4,cell-0,1.3607141,2.1420968,15.82713,17.8343770078127,2.1323633
2026-09-28 12:14:13.960309+00:00,ue-5,cell-0,1.1237588,2.781673,19.453033,18.019239145543757,2.9526334
2026-09-28 12:14:14.060309+00:00,ue-0,cell-0,1.6641715,1.9597076,15.513921,18.673473053876588,2.1787899
2026-09-28 12:14:14.060309+00:00,ue-1,cell-0,1.1686035,2.1798346,15.885834,18.04245738705341,2.0479414
2026-09-28 12:14:14.060309+00:00,ue-2,cell-0,1.6386375,1.9207543,15.513921,18.716159014749596,2.1787899
2026-09-28 12:14:14.060309+00:00,ue-3,cell-0,1.1829416,2.4658244,18.340809,18.04245738705341,2.6082833
2026-09-28 12:14:14.060309+00:00,ue-4,cell-0,1.3418603,2.0802042,15.691075,17.705390498003183,2.1323633
2026-09-28 12:14:14.060309+00:00,ue-5,cell-0,1.0992545,2.768909,19.316977,18.019239145543757,2.9526334
2026-09-28 12:14:14.160309+00:00,ue-0,cell-0,1.6393805,2.0203793,15.692809,18.716159014749596,2.1787899
2026-09-28 12:14:14.160309+00:00,ue-1,cell-0,1.2028546,2.115798,16.337303,17.97876732327637,2.2778149
2026-09-28 12:14:14.160309+00:00,ue-2,cell-0,1.6574913,2.0040166,15.692809,18.678447110227705,2.1787899
2026-09-28 12:14:14.160309+00:00,ue-3,cell-0,1.1692197,2.2627988,15.867351,18.04245738705341,2.0479414
2026-09-28 12:14:14.160309+00:00,ue-4,cell-0,1.3607141,2.1420968,15.82713,17.8343770078127,2.1323633
2026-09-28 12:14:14.160309+00:00,ue-5,cell-0,1.1254644,2.8023937,18.719908,18.019239145543757,2.9526334
2026-09-28 12:14:14.260309+00:00,ue-0,cell-0,1.6641715,1.9597076,15.513921,18.673473053876588,2.1787899
2026-09-28 12:14:14.260309+00:00,ue-1,cell-0,1.195516,2.119553,15.760604,17.97876732327637,2.0479414
2026-09-28 12:14:14.260309+00:00,ue-2,cell-0,1.6386375,1.9207543,15.513921,18.716159014749596,2.1787899
2026-09-28 12:14:14.260309+00:00,ue-3,cell-0,1.1618811,2.3205326,15.928087,18.04245738705341,2.0550532
2026-09-28 12:14:14.260309+00:00,ue-4,cell-0,1.3306063,2.2772403,16.280178,17.71419165677725,2.1323633
2026-09-28 12:14:14.260309+00:00,ue-5,cell-0,1.1164201,2.7697034,19.556879,18.019239145543757,2.9526334
2026-09-28 12:14:14.360309+00:00,ue-0,cell-0,1.6393805,2.0332277,15.692809,18.716159014749596,2.1787899
2026-09-28 12:14:14.360309+00:00,ue-1,cell-0,1.182967,2.1564212,15.896659,18.04245738705341,2.0479414
2026-09-28 12:14:14.360309+00:00,ue-2,cell-0,1.6672417,1.9722162,15.692809,18.673473053876588,2.1787899
2026-09-28 12:14:14.360309+00:00,ue-3,cell-0,1.1775904,2.3038576,16.328873,18.04245738705341,2.2005048
2026-09-28 12:14:14.360309+00:00,ue-4,cell-0,1.3494601,2.242733,16.337303,17.705390498003183,2.2778149
2026-09-28 12:14:14.360309+00:00,ue-5,cell-0,0.96283656,2.8246887,19.453033,18.725456867748793,2.9526334
2026-09-28 12:14:14.460309+00:00,ue-0,cell-0,1.6641715,1.9725555,15.513921,18.673473053876588,2.1787899
2026-09-28 12:14:14.460309+00:00,ue-1,cell-0,1.1487159,2.2447224,15.885834,17.993707321393757,2.0479414
2026-09-28 12:14:14.460309+00:00,ue-2,cell-0,1.6483879,1.888954,15.513921,18.716159014749596,2.1787899
2026-09-28 12:14:14.460309+00:00,ue-3,cell-0,1.1889365,2.7323163,18.433388,17.97876732327637,2.573736
2026-09-28 12:14:14.460309+00:00,ue-4,cell-0,1.3306063,2.2214732,16.201248,17.71419165677725,2.1323633
2026-09-28 12:14:14.460309+00:00,ue-5,cell-0,1.1200382,2.8467546,18.632124,18.019239145543757,2.4972758
2026-09-28 12:14:14.560309+00:00,ue-0,cell-0,1.6348499,1.9650632,15.692809,18.716159014749596,2.1787899
2026-09-28 12:14:14.560309+00:00,ue-1,cell-0,1.1144294,2.2867215,15.867351,18.019239145543757,2.0550532
2026-09-28 12:14:14.560309+00:00,ue-2,cell-0,1.6627111,1.9664811,15.692809,18.673473053876588,2.1787899
2026-09-28 12:14:14.560309+00:00,ue-3,cell-0,1.1647525,2.7890553,18.768177,18.04245738705341,2.9526334
2026-09-28 12:14:14.560309+00:00,ue-4,cell-0,1.3561835,2.1363618,15.82713,17.8343770078127,2.1323633
2026-09-28 12:14:14.560309+00:00,ue-5,cell-0,0.9489373,2.9245646,19.519348,18.725456867748793,2.9526334
2026-09-28 12:14:14.660309+00:00,ue-0,cell-0,1.7705725,1.9101276,15.513921,18.673669092613203,2.1787899
2026-09-28 12:14:14.660309+00:00,ue-1,cell-0,1.1540732,2.3463163,16.192816,17.993707321393757,2.0550532
2026-09-28 12:14:14.660309+00:00,ue-2,cell-0,1.6483879,1.888954,15.513921,18.716159014749596,2.1787899
2026-09-28 12:14:14.660309+00:00,ue-3,cell-0,1.1619445,2.7820263,18.602057,18.04245738705341,2.4972758
2026-09-28 12:14:14.660309+00:00,ue-4,cell-0,1.3418603,2.0802042,15.691075,17.705390498003183,2.1323633
2026-09-28 12:14:14.660309+00:00,ue-5,cell-0,1.147919,2.7164955,18.433388,17.993707321393757,2.573736
2026-09-28 12:14:14.760309+00:00,ue-0,cell-0,1.7201769,1.9707984,15.692809,18.673473053876588,2.1787899
2026-09-28 12:14:14.760309+00:00,ue-1,cell-0,1.1009892,2.27343,16.06414,18.019239145543757,2.0479414
2026-09-28 12:14:14.760309+00:00,ue-2,cell-0,1.6672417,1.9722162,15.692809,18.673473053876588,2.1787899
2026-09-28 12:14:14.760309+00:00,ue-3,cell-0,1.1405513,2.8590562,18.45947,17.993707321393757,2.573736
2026-09-28 12:14:14.760309+00:00,ue-4,cell-0,1.3885548,2.1606505,15.82713,17.88129206394687,2.1323633
2026-09-28 12:14:14.760309+00:00,ue-5,cell-0,1.1552577,2.836745,18.576885,17.993707321393757,2.4972758
2026-09-28 12:14:14.860309+00:00,ue-0,cell-0,1.7705725,1.9101276,15.513921,18.673669092613203,2.1787899
2026-09-28 12:14:14.860309+00:00,ue-1,cell-0,1.1506327,2.1503649,15.876559,17.993707321393757,2.0479414
2026-09-28 12:14:14.860309+00:00,ue-2,cell-0,1.6483879,1.888954,15.513921,18.716159014749596,2.1787899
2026-09-28 12:14:14.860309+00:00,ue-3,cell-0,1.1126093,2.8390152,18.705631,18.019239145543757,2.9526334
2026-09-28 12:14:14.860309+00:00,ue-4,cell-0,1.369701,2.098758,15.691075,17.944291512546478,2.1323633
2026-09-28 12:14:14.860309+00:00,ue-5,cell-0,1.1333452,2.746823,18.717117,18.019239145543757,2.9526334
2026-09-28 12:14:14.960309+00:00,ue-0,cell-0,1.7201769,2.0203793,15.692809,18.673473053876588,2.1787899
2026-09-28 12:14:14.960309+00:00,ue-1,cell-0,1.2205328,2.1557164,16.453257,17.97876732327637,2.355373
2026-09-28 12:14:14.960309+00:00,ue-2,cell-0,1.6409663,1.9415525,15.692809,18.716159014749596,2.1787899
2026-09-28 12:14:14.960309+00:00,ue-3,cell-0,1.1632535,2.871528,18.841688,18.04245738705341,2.9526334
2026-09-28 12:14:14.960309+00:00,ue-4,cell-0,1.663333,2.1405146,15.897058,18.673473053876588,2.1323633
2026-09-28 12:14:14.960309+00:00,ue-5,cell-0,1.127255,2.7615895,18.853174,18.019239145543757,2.9526334
2026-09-28 12:14:15.060309+00:00,ue-0,cell-0,1.7705725,1.9597076,15.513921,18.673669092613203,2.1787899
2026-09-28 12:14:15.060309+00:00,ue-1,cell-0,1.3257333,2.1765919,16.317202,17.71419165677725,2.2778149
2026-09-28 12:14:15.060309+00:00,ue-2,cell-0,1.6491351,1.8582903,15.513921,18.716159014749596,2.1787899
2026-09-28 12:14:15.060309+00:00,ue-3,cell-0,1.1619445,2.7858677,18.602057,18.04245738705341,2.4972758
2026-09-28 12:14:15.060309+00:00,ue-4,cell-0,1.643721,1.9315253,15.398299,18.716159014749596,2.1787899
2026-09-28 12:14:15.060309+00:00,ue-5,cell-0,1.1344901,2.4413607,18.340809,18.019239145543757,2.5682359
2026-09-28 12:14:15.160309+00:00,ue-0,cell-0,1.7201769,2.0332277,15.692809,18.673473053876588,2.1787899
2026-09-28 12:14:15.160309+00:00,ue-1,cell-0,1.1692197,2.2615275,15.867351,18.04245738705341,2.0479414
2026-09-28 12:14:15.160309+00:00,ue-2,cell-0,1.6409663,1.9444453,15.692809,18.716159014749596,2.1787899
2026-09-28 12:14:15.160309+00:00,ue-3,cell-0,1.1259775,2.78616,18.73811,18.019239145543757,2.9526334
2026-09-28 12:14:15.160309+00:00,ue-4,cell-0,1.6582496,2.1405146,15.897058,18.678447110227705,2.1323633
2026-09-28 12:14:15.160309+00:00,ue-5,cell-0,1.1785948,2.8738713,18.576885,18.04245738705341,2.4972758
2026-09-28 12:14:15.260309+00:00,ue-0,cell-0,1.7705725,1.9725555,15.513921,18.673669092613203,2.1787899
2026-09-28 12:14:15.260309+00:00,ue-1,cell-0,1.2513604,1.9828336,15.691075,17.77535071633402,2.1787899
2026-09-28 12:14:15.260309+00:00,ue-2,cell-0,1.6491351,1.861183,15.513921,18.716159014749596,2.1787899
2026-09-28 12:14:15.260309+00:00,ue-3,cell-0,1.1332127,2.8390152,18.440828,18.019239145543757,2.573736
2026-09-28 12:14:15.260309+00:00,ue-4,cell-0,1.4911729,2.142925,15.691075,19.557664354682363,2.1323633
2026-09-28 12:14:15.260309+00:00,ue-5,cell-0,1.1347327,2.429221,16.192816,18.019239145543757,2.1243458
2026-09-28 12:14:15.360309+00:00,ue-0,cell-0,1.7007906,1.9845872,15.692809,18.673473053876588,2.1787899
2026-09-28 12:14:15.360309+00:00,ue-1,cell-0,1.3131843,2.1950688,16.453257,17.71419165677725,2.355373
2026-09-28 12:14:15.360309+00:00,ue-2,cell-0,1.6409663,1.9503478,15.692809,18.716159014749596,2.1787899
2026-09-28 12:14:15.360309+00:00,ue-3,cell-0,1.1405513,2.7436981,18.569443,17.993707321393757,2.573736
2026-09-28 12:14:15.360309+00:00,ue-4,cell-0,1.5100267,2.204818,15.800561,19.773944948975792,2.1323633
2026-09-28 12:14:15.360309+00:00,ue-5,cell-0,1.0996193,2.277029,15.867351,18.019239145543757,2.0479414
2026-09-28 12:14:15.460309+00:00,ue-0,cell-0,1.7345641,1.9346879,15.398299,18.66580476689129,2.1787899
2026-09-28 12:14:15.460309+00:00,ue-1,cell-0,1.1844455,2.4439065,16.192816,18.04245738705341,2.1243458
2026-09-28 12:14:15.460309+00:00,ue-2,cell-0,1.6491351,1.8670856,15.513921,18.716159014749596,2.1787899
2026-09-28 12:14:15.460309+00:00,ue-3,cell-0,1.0966892,2.4084473,16.192816,18.019239145543757,2.1243458
2026-09-28 12:14:15.460309+00:00,ue-4,cell-0,1.4911729,2.142925,15.691075,19.557664354682363,2.1323633
2026-09-28 12:14:15.460309+00:00,ue-5,cell-0,1.1640106,2.2300367,15.885834,18.04245738705341,2.0479414
2026-09-28 12:14:15.560309+00:00,ue-0,cell-0,1.5942632,2.3116603,16.426685,18.721903688471215,2.3624847
2026-09-28 12:14:15.560309+00:00,ue-1,cell-0,1.1374158,2.27343,16.06414,18.019239145543757,2.0479414
2026-09-28 12:14:15.560309+00:00,ue-2,cell-0,1.6409663,1.9444453,15.692809,18.716159014749596,2.1787899
2026-09-28 12:14:15.560309+00:00,ue-3,cell-0,1.183857,2.4503744,18.476864,18.04245738705341,2.5682359
2026-09-28 12:14:15.560309+00:00,ue-4,cell-0,1.5100267,2.204818,15.800561,19.773944948975792,2.1323633
2026-09-28 12:14:15.560309+00:00,ue-5,cell-0,1.1392751,2.1093345,15.896659,17.993707321393757,2.0479414
2026-09-28 12:14:15.660309+00:00,ue-0,cell-0,1.5424099,2.289909,16.253607,19.909731063500196,2.139475
2026-09-28 12:14:15.660309+00:00,ue-1,cell-0,1.1725292,2.2904317,16.192816,18.04245738705341,2.0550532
2026-09-28 12:14:15.660309+00:00,ue-2,cell-0,1.6491351,1.861183,15.513921,18.716159014749596,2.1787899
2026-09-28 12:14:15.660309+00:00,ue-3,cell-0,1.1765183,2.6513228,18.340809,18.04245738705341,2.6082833
2026-09-28 12:14:15.660309+00:00,ue-4,cell-0,1.4911729,2.142925,15.691075,19.557664354682363,2.1323633
2026-09-28 12:14:15.660309+00:00,ue-5,cell-0,1.1319364,2.118825,15.760604,18.019239145543757,2.0479414
2026-09-28 12:14:15.760309+00:00,ue-0,cell-0,1.4296615,2.3228424,16.46253,18.471720388127963,2.3624847
2026-09-28 12:14:15.760309+00:00,ue-1,cell-0,1.333072,2.1557164,16.453257,17.705390498003183,2.355373
2026-09-28 12:14:15.760309+00:00,ue-2,cell-0,1.6409663,1.9503478,15.692809,18.716159014749596,2.1787899
2026-09-28 12:14:15.760309+00:00,ue-3,cell-0,1.1103276,2.2990723,16.06414,18.019239145543757,2.0550532
2026-09-28 12:14:15.760309+00:00,ue-4,cell-0,1.5100267,2.204818,15.800561,19.773944948975792,2.1323633
2026-09-28 12:14:15.760309+00:00,ue-5,cell-0,1.1372218,2.0537336,15.386479,18.019239145543757,2.0479414
2026-09-28 12:14:15.860309+00:00,ue-0,cell-0,1.4960357,2.2384102,16.201248,19.525393882098076,2.1323633
2026-09-28 12:14:15.860309+00:00,ue-1,cell-0,1.2131941,2.1765919,16.317202,17.97876732327637,2.2778149
2026-09-28 12:14:15.860309+00:00,ue-2,cell-0,1.6491351,1.8670856,15.513921,18.716159014749596,2.1787899
2026-09-28 12:14:15.860309+00:00,ue-3,cell-0,1.2516086,2.176007,16.317202,17.77535071633402,2.2778149
2026-09-28 12:14:15.860309+00:00,ue-4,cell-0,1.6393958,2.0786219,15.761003,18.716159014749596,2.1323633
2026-09-28 12:14:15.860309+00:00,ue-5,cell-0,1.1298832,2.0168564,15.250425,18.019239145543757,2.094368
2026-09-28 12:14:15.960309+00:00,ue-0,cell-0,1.4875231,1.9570078,15.5609255,19.557664354682363,2.1787899
2026-09-28 12:14:15.960309+00:00,ue-1,cell-0,1.2116718,2.3881571,16.769526,17.97876732327637,2.4317772
2026-09-28 12:14:15.960309+00:00,ue-2,cell-0,1.6335496,1.9528916,15.692809,18.716159014749596,2.1787899
2026-09-28 12:14:15.960309+00:00,ue-3,cell-0,1.3124317,2.1528301,16.453257,17.71419165677725,2.355373
2026-09-28 12:14:15.960309+00:00,ue-4,cell-0,1.668,2.1087148,15.897058,18.673473053876588,2.1323633
2026-09-28 12:14:15.960309+00:00,ue-5,cell-0,1.1392751,2.1035874,15.896659,17.993707321393757,2.0479414
2026-09-28 12:14:16.060309+00:00,ue-0,cell-0,1.5212965,1.8843436,15.513921,19.909731063500196,2.1787899
2026-09-28 12:14:16.060309+00:00,ue-1,cell-0,1.1618811,2.2836738,15.731296,18.04245738705341,2.0479414
2026-09-28 12:14:16.060309+00:00,ue-2,cell-0,1.6417184,1.8696294,15.513921,18.716159014749596,2.1787899
2026-09-28 12:14:16.060309+00:00,ue-3,cell-0,1.305093,2.1737056,16.317202,17.71419165677725,2.2778149
2026-09-28 12:14:16.060309+00:00,ue-4,cell-0,1.5009233,2.1111252,15.664506,19.773944948975792,2.1323633
2026-09-28 12:14:16.060309+00:00,ue-5,cell-0,1.1431903,1.9772527,15.250425,17.993707321393757,2.094368
2026-09-28 12:14:16.160309+00:00,ue-0,cell-0,1.6711738,1.9419677,15.595389,18.673473053876588,2.1787899
2026-09-28 12:14:16.160309+00:00,ue-1,cell-0,1.1692197,2.2627988,15.867351,18.04245738705341,2.0479414
2026-09-28 12:14:16.160309+00:00,ue-2,cell-0,1.6335496,1.9528916,15.692809,18.716159014749596,2.1787899
2026-09-28 12:14:16.160309+00:00,ue-3,cell-0,1.1766112,2.1528301,16.012615,18.04245738705341,2.0479414
2026-09-28 12:14:16.160309+00:00,ue-4,cell-0,1.519777,2.1730182,15.800561,19.909731063500196,2.1323633
2026-09-28 12:14:16.160309+00:00,ue-5,cell-0,1.134583,2.1343405,16.012615,18.019239145543757,2.0479414
2026-09-28 12:14:16.260309+00:00,ue-0,cell-0,1.5536638,2.095995,15.664506,19.646752650694292,2.1323633
2026-09-28 12:14:16.260309+00:00,ue-1,cell-0,1.1618811,2.3205326,15.928087,18.04245738705341,2.0550532
2026-09-28 12:14:16.260309+00:00,ue-2,cell-0,1.6417184,1.8696294,15.513921,18.716159014749596,2.1787899
2026-09-28 12:14:16.260309+00:00,ue-3,cell-0,1.1692725,2.1737056,15.876559,18.04245738705341,2.0479414
2026-09-28 12:14:16.260309+00:00,ue-4,cell-0,1.5009233,2.1111252,15.664506,19.773944948975792,2.1323633
2026-09-28 12:14:16.260309+00:00,ue-5,cell-0,1.204134,2.1609504,16.317202,17.97876732327637,2.2778149
2026-09-28 12:14:16.360309+00:00,ue-0,cell-0,1.7199411,1.9570078,15.534354,18.673473053876588,2.1787899
2026-09-28 12:14:16.360309+00:00,ue-1,cell-0,1.2116718,2.396231,16.769526,17.97876732327637,2.4317772
2026-09-28 12:14:16.360309+00:00,ue-2,cell-0,1.6409663,1.9444453,15.692809,18.716159014749596,2.1787899
2026-09-28 12:14:16.360309+00:00,ue-3,cell-0,1.1766112,2.1676033,16.012615,18.04245738705341,2.0479414
2026-09-28 12:14:16.360309+00:00,ue-4,cell-0,1.519777,2.1730182,15.800561,19.909731063500196,2.1323633
2026-09-28 12:14:16.360309+00:00,ue-5,cell-0,1.173866,2.0106328,15.386479,18.04245738705341,2.094368
2026-09-28 12:14:16.460309+00:00,ue-0,cell-0,1.6024312,2.1002634,15.664506,18.721903688471215,2.1323633
2026-09-28 12:14:16.460309+00:00,ue-1,cell-0,1.1618811,2.3286064,15.928087,18.04245738705341,2.0550532
2026-09-28 12:14:16.460309+00:00,ue-2,cell-0,1.6491351,1.861183,15.513921,18.716159014749596,2.1787899
2026-09-28 12:14:16.460309+00:00,ue-3,cell-0,1.1122904,2.2955606,15.731296,18.019239145543757,2.0550532
2026-09-28 12:14:16.460309+00:00,ue-4,cell-0,1.5009233,2.1111252,15.664506,19.773944948975792,2.1323633
2026-09-28 12:14:16.460309+00:00,ue-5,cell-0,1.1665274,1.9797149,15.250425,18.04245738705341,2.094368
2026-09-28 12:14:16.560309+00:00,ue-0,cell-0,1.5396105,2.1730182,15.800561,19.909731063500196,2.1323633
2026-09-28 12:14:16.560309+00:00,ue-1,cell-0,1.333072,2.1520455,16.453257,17.705390498003183,2.355373
2026-09-28 12:14:16.560309+00:00,ue-2,cell-0,1.6409663,1.9444453,15.692809,18.716159014749596,2.1787899
2026-09-28 12:14:16.560309+00:00,ue-3,cell-0,1.1791282,2.0304282,15.733916,18.04245738705341,2.094368
2026-09-28 12:14:16.560309+00:00,ue-4,cell-0,1.519777,2.1730182,15.800561,19.909731063500196,2.1323633
2026-09-28 12:14:16.560309+00:00,ue-5,cell-0,1.173866,1.9995775,15.733916,18.04245738705341,2.094368
2026-09-28 12:14:16.660309+00:00,ue-0,cell-0,1.5463613,2.1111252,15.664506,19.909731063500196,2.1323633
2026-09-28 12:14:16.660309+00:00,ue-1,cell-0,1.1618811,2.2800028,15.731296,18.04245738705341,2.0479414
2026-09-28 12:14:16.660309+00:00,ue-2,cell-0,1.6491351,1.861183,15.513921,18.716159014749596,2.1787899
2026-09-28 12:14:16.660309+00:00,ue-3,cell-0,1.1692725,2.185348,15.885834,18.04245738705341,2.0479414
2026-09-28 12:14:16.660309+00:00,ue-4,cell-0,1.5009233,2.1111252,15.664506,19.773944948975792,2.1323633
2026-09-28 12:14:16.660309+00:00,ue-5,cell-0,1.1552736,2.1638227,15.839535,17.993707321393757,2.0479414
2026-09-28 12:14:16.760309+00:00,ue-0,cell-0,1.5396105,2.1730182,15.800561,19.909731063500196,2.1323633
2026-09-28 12:14:16.760309+00:00,ue-1,cell-0,1.149332,2.3386078,15.728757,17.993707321393757,2.0550532
2026-09-28 12:14:16.760309+00:00,ue-2,cell-0,1.8611091,1.9676058,15.692809,18.397210966077175,2.1787899
2026-09-28 12:14:16.760309+00:00,ue-3,cell-0,1.1845744,2.0304282,15.733916,18.04245738705341,2.094368
2026-09-28 12:14:16.760309+00:00,ue-4,cell-0,1.519777,2.1730182,15.800561,19.909731063500196,2.1323633
2026-09-28 12:14:16.760309+00:00,ue-5,cell-0,1.173866,2.0106328,15.386479,18.04245738705341,2.094368
2026-09-28 12:14:16.860309+00:00,ue-0,cell-0,1.5463613,2.1111252,15.664506,19.909731063500196,2.1323633
2026-09-28 12:14:16.860309+00:00,ue-1,cell-0,1.2202189,2.2159438,16.280178,17.97876732327637,2.1323633
2026-09-28 12:14:16.860309+00:00,ue-2,cell-0,1.869278,1.8843436,15.513921,18.397210966077175,2.1787899
2026-09-28 12:14:16.860309+00:00,ue-3,cell-0,1.1772357,1.9859489,15.250425,18.04245738705341,2.094368
2026-09-28 12:14:16.860309+00:00,ue-4,cell-0,1.5009233,2.1111252,15.664506,19.773944948975792,2.1323633
2026-09-28 12:14:16.860309+00:00,ue-5,cell-0,1.1552736,2.1305604,15.760604,17.993707321393757,2.0479414
2026-09-28 12:14:16.960309+00:00,ue-0,cell-0,1.6908939,1.9434166,15.595389,18.673473053876588,2.1787899
2026-09-28 12:14:16.960309+00:00,ue-1,cell-0,1.1917841,2.4310431,16.328873,17.97876732327637,2.2697973
2026-09-28 12:14:16.960309+00:00,ue-2,cell-0,1.6335496,1.9528916,15.692809,18.716159014749596,2.1787899
2026-09-28 12:14:16.960309+00:00,ue-3,cell-0,1.1791282,2.0228257,15.386479,18.04245738705341,2.094368
2026-09-28 12:14:16.960309+00:00,ue-4,cell-0,1.519777,2.1730182,15.800561,19.909731063500196,2.1323633
2026-09-28 12:14:16.960309+00:00,ue-5,cell-0,1.1301603,2.24207,16.021889,18.019239145543757,2.0479414
2026-09-28 12:14:17.060309+00:00,ue-0,cell-0,1.6976447,1.8815238,15.459334,18.673473053876588,2.1787899
2026-09-28 12:14:17.060309+00:00,ue-1,cell-0,1.1419934,2.3265603,15.731296,17.993707321393757,2.0550532
2026-09-28 12:14:17.060309+00:00,ue-2,cell-0,1.6417184,1.8696294,15.513921,18.716159014749596,2.1787899
2026-09-28 12:14:17.060309+00:00,ue-3,cell-0,1.3561965,1.8191928,15.4248705,17.8343770078127,2.1787899
2026-09-28 12:14:17.060309+00:00,ue-4,cell-0,1.5009233,2.1111252,15.664506,19.773944948975792,2.1323633
2026-09-28 12:14:17.060309+00:00,ue-5,cell-0,1.0998592,2.4680882,16.192816,18.019239145543757,2.1643932
2026-09-28 12:14:17.160309+00:00,ue-0,cell-0,1.6908939,1.9722162,15.692809,18.673473053876588,2.1787899
2026-09-28 12:14:17.160309+00:00,ue-1,cell-0,1.2231189,2.6314368,18.707954,17.97876732327637,3.0716026
2026-09-28 12:14:17.160309+00:00,ue-2,cell-0,1.6409663,1.9415525,15.692809,18.716159014749596,2.1787899
2026-09-28 12:14:17.160309+00:00,ue-3,cell-0,1.3991847,1.8805728,15.719378,17.88937475584942,2.1787899
2026-09-28 12:14:17.160309+00:00,ue-4,cell-0,1.4935017,2.1423542,15.82713,19.557664354682363,2.1323633
2026-09-28 12:14:17.160309+00:00,ue-5,cell-0,0.9607747,2.2285478,16.021889,18.725456867748793,2.0479414
2026-09-28 12:14:17.260309+00:00,ue-0,cell-0,1.6976447,1.888954,15.437669,18.673473053876588,2.1787899
2026-09-28 12:14:17.260309+00:00,ue-1,cell-0,1.2043332,2.4053612,16.63347,17.97876732327637,2.4317772
2026-09-28 12:14:17.260309+00:00,ue-2,cell-0,1.6491351,1.8582903,15.513921,18.716159014749596,2.1787899
2026-09-28 12:14:17.260309+00:00,ue-3,cell-0,1.3918461,1.822326,15.540492,17.88129206394687,2.1787899
2026-09-28 12:14:17.260309+00:00,ue-4,cell-0,1.5016705,2.0804617,15.664506,19.773944948975792,2.1323633
2026-09-28 12:14:17.260309+00:00,ue-5,cell-0,0.88802135,2.3859737,15.928087,18.704381924270695,2.1243458
2026-09-28 12:14:17.360309+00:00,ue-0,cell-0,1.6908939,1.9434166,15.573724,18.673473053876588,2.1787899
2026-09-28 12:14:17.360309+00:00,ue-1,cell-0,1.2303566,2.748016,18.800533,17.97876732327637,3.0370553
2026-09-28 12:14:17.360309+00:00,ue-2,cell-0,1.6409663,1.9415525,15.692809,18.716159014749596,2.1787899
2026-09-28 12:14:17.360309+00:00,ue-3,cell-0,1.4146942,1.8915323,15.719378,18.358258478383583,2.1787899
2026-09-28 12:14:17.360309+00:00,ue-4,cell-0,1.6417246,2.074692,15.897058,18.716159014749596,2.1323633
2026-09-28 12:14:17.360309+00:00,ue-5,cell-0,1.2207115,2.2285478,16.46253,17.97876732327637,2.355373
2026-09-28 12:14:17.460309+00:00,ue-0,cell-0,1.6976447,1.892295,15.398299,18.673473053876588,2.1787899
2026-09-28 12:14:17.460309+00:00,ue-1,cell-0,1.2230179,2.8433332,18.671919,17.97876732327637,2.5816977
2026-09-28 12:14:17.460309+00:00,ue-2,cell-0,1.6491351,1.8582903,15.513921,18.716159014749596,2.1787899
2026-09-28 12:14:17.460309+00:00,ue-3,cell-0,1.4073555,1.8332855,15.540492,17.88937475584942,2.1787899
2026-09-28 12:14:17.460309+00:00,ue-4,cell-0,1.5016705,2.0771024,15.664506,19.773944948975792,2.1323633
2026-09-28 12:14:17.460309+00:00,ue-5,cell-0,1.1479583,2.3701422,15.592702,17.993707321393757,2.1243458
2026-09-28 12:14:17.560309+00:00,ue-0,cell-0,1.4154279,2.2612867,16.337303,18.358258478383583,2.2778149
2026-09-28 12:14:17.560309+00:00,ue-1,cell-0,1.2205328,2.1557164,16.453257,17.97876732327637,2.355373
2026-09-28 12:14:17.560309+00:00,ue-2,cell-0,1.6409663,1.9415525,15.692809,18.716159014749596,2.1787899
2026-09-28 12:14:17.560309+00:00,ue-3,cell-0,1.4169717,1.895095,15.719378,18.358258478383583,2.1787899
2026-09-28 12:14:17.560309+00:00,ue-4,cell-0,1.4935017,2.1389954,15.82713,19.557664354682363,2.1323633
2026-09-28 12:14:17.560309+00:00,ue-5,cell-0,1.2119744,2.146191,16.337303,17.97876732327637,2.2778149
2026-09-28 12:14:17.660309+00:00,ue-0,cell-0,1.5042484,2.098758,15.664506,19.773944948975792,2.1323633
2026-09-28 12:14:17.660309+00:00,ue-1,cell-0,1.2513604,1.9841051,15.691075,17.77535071633402,2.1787899
2026-09-28 12:14:17.660309+00:00,ue-2,cell-0,1.6491351,1.8582903,15.513921,18.716159014749596,2.1787899
2026-09-28 12:14:17.660309+00:00,ue-3,cell-0,1.409633,1.8254373,15.464238,17.88937475584942,2.1787899
2026-09-28 12:14:17.660309+00:00,ue-4,cell-0,1.5016705,2.0771024,15.664506,19.773944948975792,2.1323633
2026-09-28 12:14:17.660309+00:00,ue-5,cell-0,1.1479583,2.3859737,15.928087,17.993707321393757,2.1243458
2026-09-28 12:14:17.760309+00:00,ue-0,cell-0,1.5317901,2.1420968,15.800561,19.909731063500196,2.1323633
2026-09-28 12:14:17.760309+00:00,ue-1,cell-0,1.4400997,1.8940067,15.621961,18.471720388127963,2.1787899
2026-09-28 12:14:17.760309+00:00,ue-2,cell-0,1.6409663,1.9415525,15.692809,18.716159014749596,2.1787899
2026-09-28 12:14:17.760309+00:00,ue-3,cell-0,1.3991847,1.8805728,15.719378,17.88937475584942,2.1787899
2026-09-28 12:14:17.760309+00:00,ue-4,cell-0,1.4935017,2.1423542,15.82713,19.557664354682363,2.1323633
2026-09-28 12:14:17.760309+00:00,ue-5,cell-0,0.9607747,2.2022054,16.021889,18.725456867748793,2.0479414
2026-09-28 12:14:17.860309+00:00,ue-0,cell-0,1.527287,2.2772403,16.253607,19.909731063500196,2.1323633
2026-09-28 12:14:17.860309+00:00,ue-1,cell-0,1.4327611,1.860678,15.4248705,18.471720388127963,2.1787899
2026-09-28 12:14:17.860309+00:00,ue-2,cell-0,1.6491351,1.8582903,15.513921,18.716159014749596,2.1787899
2026-09-28 12:14:17.860309+00:00,ue-3,cell-0,1.3918461,1.822326,15.540492,17.88129206394687,2.1787899
2026-09-28 12:14:17.860309+00:00,ue-4,cell-0,1.5016705,2.0804617,15.664506,19.773944948975792,2.1323633
2026-09-28 12:14:17.860309+00:00,ue-5,cell-0,0.9534361,2.211672,15.876559,18.725456867748793,2.0479414
2026-09-28 12:14:17.960309+00:00,ue-0,cell-0,1.677214,1.8439612,15.534354,18.673473053876588,2.1787899
2026-09-28 12:14:17.960309+00:00,ue-1,cell-0,1.6166219,1.8780202,15.534354,18.721903688471215,2.1787899
2026-09-28 12:14:17.960309+00:00,ue-2,cell-0,1.6409663,1.9444453,15.692809,18.716159014749596,2.1787899
2026-09-28 12:14:17.960309+00:00,ue-3,cell-0,1.3991847,1.862273,15.5609255,17.88937475584942,2.1787899
2026-09-28 12:14:17.960309+00:00,ue-4,cell-0,1.4822477,2.2751567,16.416233,19.516519355701018,2.2778149
2026-09-28 12:14:17.960309+00:00,ue-5,cell-0,1.1552969,2.3023736,15.867351,17.993707321393757,2.0550532
2026-09-28 12:14:18.060309+00:00,ue-0,cell-0,1.6839648,1.7820687,15.398299,18.673473053876588,2.1787899
2026-09-28 12:14:18.060309+00:00,ue-1,cell-0,1.6092832,1.8411428,15.398299,18.721903688471215,2.1787899
2026-09-28 12:14:18.060309+00:00,ue-2,cell-0,1.6491351,1.861183,15.513921,18.716159014749596,2.1787899
2026-09-28 12:14:18.060309+00:00,ue-3,cell-0,1.2017697,1.9921516,15.691075,17.97876732327637,2.1787899
2026-09-28 12:14:18.060309+00:00,ue-4,cell-0,1.4904165,2.2152493,16.201248,19.557664354682363,2.1323633
2026-09-28 12:14:18.060309+00:00,ue-5,cell-0,1.1479583,2.3859737,15.928087,17.993707321393757,2.1243458
2026-09-28 12:14:18.160309+00:00,ue-0,cell-0,1.4974976,2.1606505,15.82713,19.525393882098076,2.1323633
2026-09-28 12:14:18.160309+00:00,ue-1,cell-0,1.4400997,1.875936,15.5609255,18.471720388127963,2.1787899
2026-09-28 12:14:18.160309+00:00,ue-2,cell-0,1.6409663,1.9444453,15.692809,18.716159014749596,2.1787899
2026-09-28 12:14:18.160309+00:00,ue-3,cell-0,1.1176522,2.177485,16.021889,18.019239145543757,2.0479414
2026-09-28 12:14:18.160309+00:00,ue-4,cell-0,1.4935017,2.1389954,15.82713,19.557664354682363,2.1323633
2026-09-28 12:14:18.160309+00:00,ue-5,cell-0,1.3477969,2.4342756,16.769526,17.705390498003183,2.4317772
2026-09-28 12:14:18.260309+00:00,ue-0,cell-0,1.5042484,2.098758,15.664506,19.773944948975792,2.1323633
2026-09-28 12:14:18.260309+00:00,ue-1,cell-0,1.4327611,1.8446168,15.540492,18.471720388127963,2.1787899
2026-09-28 12:14:18.260309+00:00,ue-2,cell-0,1.6491351,1.861183,15.513921,18.716159014749596,2.1787899
2026-09-28 12:14:18.260309+00:00,ue-3,cell-0,1.1232284,2.4614034,18.340809,18.019239145543757,2.6082833
2026-09-28 12:14:18.260309+00:00,ue-4,cell-0,1.5016705,2.0771024,15.664506,19.773944948975792,2.1323633
2026-09-28 12:14:18.260309+00:00,ue-5,cell-0,1.2353861,2.7422674,18.664478,17.97876732327637,2.5816977
2026-09-28 12:14:18.360309+00:00,ue-0,cell-0,1.6216985,1.9982797,15.897058,18.721903688471215,2.1787899
2026-09-28 12:14:18.360309+00:00,ue-1,cell-0,1.6166219,1.8744715,15.595389,18.721903688471215,2.1787899
2026-09-28 12:14:18.360309+00:00,ue-2,cell-0,1.6409663,1.9503478,15.692809,18.716159014749596,2.1787899
2026-09-28 12:14:18.360309+00:00,ue-3,cell-0,1.1323574,2.617995,18.476864,18.019239145543757,2.6082833
2026-09-28 12:14:18.360309+00:00,ue-4,cell-0,1.7136445,2.1621559,15.800561,18.673473053876588,2.1323633
2026-09-28 12:14:18.360309+00:00,ue-5,cell-0,1.1193632,2.7980356,18.853174,18.019239145543757,2.9526334
2026-09-28 12:14:18.460309+00:00,ue-0,cell-0,1.6284493,1.9363872,15.761003,18.716159014749596,2.1787899
2026-09-28 12:14:18.460309+00:00,ue-1,cell-0,1.6100415,1.9741548,15.761003,18.721903688471215,2.1787899
2026-09-28 12:14:18.460309+00:00,ue-2,cell-0,1.6491351,1.8670856,15.513921,18.716159014749596,2.1787899
2026-09-28 12:14:18.460309+00:00,ue-3,cell-0,1.1250187,2.6317914,18.340809,18.019239145543757,2.6082833
2026-09-28 12:14:18.460309+00:00,ue-4,cell-0,1.7218133,2.1002634,15.664506,18.673473053876588,2.1323633
2026-09-28 12:14:18.460309+00:00,ue-5,cell-0,1.1265986,2.6622021,18.340809,18.019239145543757,2.6082833
2026-09-28 12:14:18.560309+00:00,ue-0,cell-0,1.648781,1.8717511,15.534354,18.716159014749596,2.1787899
2026-09-28 12:14:18.560309+00:00,ue-1,cell-0,1.2500234,2.064311,15.82713,17.77535071633402,2.1323633
2026-09-28 12:14:18.560309+00:00,ue-2,cell-0,1.8611091,1.9676058,15.692809,18.397210966077175,2.1787899
2026-09-28 12:14:18.560309+00:00,ue-3,cell-0,1.1457863,2.836745,18.576885,17.993707321393757,2.4972758
2026-09-28 12:14:18.560309+00:00,ue-4,cell-0,1.7136445,2.1621559,15.800561,18.673473053876588,2.1323633
2026-09-28 12:14:18.560309+00:00,ue-5,cell-0,1.1339372,2.8700242,18.576885,18.019239145543757,2.4972758
2026-09-28 12:14:18.660309+00:00,ue-0,cell-0,1.6555318,1.7990874,15.513921,18.716159014749596,2.1787899
2026-09-28 12:14:18.660309+00:00,ue-1,cell-0,1.4335194,1.9936899,15.787572,18.471720388127963,2.1787899
2026-09-28 12:14:18.660309+00:00,ue-2,cell-0,1.869278,1.8843436,15.513921,18.397210966077175,2.1787899
2026-09-28 12:14:18.660309+00:00,ue-3,cell-0,0.92862356,3.0615144,19.289062,18.725456867748793,2.9526334
2026-09-28 12:14:18.660309+00:00,ue-4,cell-0,1.7218133,2.1002634,15.664506,18.673473053876588,2.1323633
2026-09-28 12:14:18.660309+00:00,ue-5,cell-0,1.1265986,2.4744449,18.340809,18.019239145543757,2.6082833
2026-09-28 12:14:18.760309+00:00,ue-0,cell-0,1.7617096,1.9508468,15.573724,18.673669092613203,2.1787899
2026-09-28 12:14:18.760309+00:00,ue-1,cell-0,1.2253213,2.0550523,15.82713,17.97876732327637,2.1323633
2026-09-28 12:14:18.760309+00:00,ue-2,cell-0,1.7195761,1.9676058,15.692809,18.673473053876588,2.1787899
2026-09-28 12:14:18.760309+00:00,ue-3,cell-0,0.976465,3.3160048,19.996822,18.725456867748793,2.9526334
2026-09-28 12:14:18.760309+00:00,ue-4,cell-0,1.5721115,2.1621559,15.800561,18.81857835077689,2.1323633
2026-09-28 12:14:18.760309+00:00,ue-5,cell-0,1.0586497,2.7779577,18.73811,18.27111467275371,2.9526334
2026-09-28 12:14:18.860309+00:00,ue-0,cell-0,1.7684604,1.888954,15.513921,18.673669092613203,2.1787899
2026-09-28 12:14:18.860309+00:00,ue-1,cell-0,1.086879,2.0257783,15.597861,18.019239145543757,2.094368
2026-09-28 12:14:18.860309+00:00,ue-2,cell-0,1.7277449,1.8843436,15.513921,18.673473053876588,2.1787899
2026-09-28 12:14:18.860309+00:00,ue-3,cell-0,0.90459466,3.2559834,19.722172,18.725456867748793,2.9526334
2026-09-28 12:14:18.860309+00:00,ue-4,cell-0,1.5690264,2.2384102,16.174677,18.81857835077689,2.1323633
2026-09-28 12:14:18.860309+00:00,ue-5,cell-0,1.0933204,2.7704585,18.87123,18.019239145543757,2.9526334
2026-09-28 12:14:18.960309+00:00,ue-0,cell-0,1.7354342,1.9444453,15.692809,18.66580476689129,2.1787899
2026-09-28 12:14:18.960309+00:00,ue-1,cell-0,1.0942177,2.0678418,15.386479,18.019239145543757,2.0479414
2026-09-28 12:14:18.960309+00:00,ue-2,cell-0,1.7481259,1.9676058,15.692809,18.673669092613203,2.1787899
2026-09-28 12:14:18.960309+00:00,ue-3,cell-0,0.94092464,3.5391848,19.308792,18.725456867748793,2.9391892
2026-09-28 12:14:18.960309+00:00,ue-4,cell-0,1.7023906,2.25967,16.310732,18.673473053876588,2.2778149
2026-09-28 12:14:18.960309+00:00,ue-5,cell-0,1.0732642,2.7634552,19.453033,18.087301273073095,2.9526334
2026-09-28 12:14:19.060309+00:00,ue-0,cell-0,1.7692076,1.861183,15.513921,18.673669092613203,2.1787899
2026-09-28 12:14:19.060309+00:00,ue-1,cell-0,1.086879,2.0309644,15.250425,18.019239145543757,2.094368
2026-09-28 12:14:19.060309+00:00,ue-2,cell-0,1.7562947,1.8843436,15.513921,18.673669092613203,2.1787899
2026-09-28 12:14:19.060309+00:00,ue-3,cell-0,0.90459466,3.3326848,19.273521,18.725456867748793,2.9526334
2026-09-28 12:14:19.060309+00:00,ue-4,cell-0,1.7961861,2.3117883,16.29063,18.66192687236419,2.2849267
2026-09-28 12:14:19.060309+00:00,ue-5,cell-0,1.0676315,2.7657998,18.602057,18.27111467275371,2.4972758
2026-09-28 12:14:19.160309+00:00,ue-0,cell-0,1.7280174,1.9528916,15.692809,18.673473053876588,2.1787899
2026-09-28 12:14:19.160309+00:00,ue-1,cell-0,1.0942177,2.063288,15.386479,18.019239145543757,2.0479414
2026-09-28 12:14:19.160309+00:00,ue-2,cell-0,1.7481259,1.9676058,15.692809,18.673669092613203,2.1787899
2026-09-28 12:14:19.160309+00:00,ue-3,cell-0,0.90617716,3.4037867,19.29877,18.725456867748793,2.841607
2026-09-28 12:14:19.160309+00:00,ue-4,cell-0,1.7880173,2.3159287,16.426685,18.66192687236419,2.3624847
2026-09-28 12:14:19.160309+00:00,ue-5,cell-0,1.0384537,2.7730541,19.007282,18.27111467275371,2.9526334
2026-09-28 12:14:19.260309+00:00,ue-0,cell-0,1.7617909,1.8696294,15.513921,18.673669092613203,2.1787899
2026-09-28 12:14:19.260309+00:00,ue-1,cell-0,1.086879,2.0264106,15.250425,18.019239145543757,2.094368
2026-09-28 12:14:19.260309+00:00,ue-2,cell-0,1.7562947,1.8843436,15.513921,18.673669092613203,2.1787899
2026-09-28 12:14:19.260309+00:00,ue-3,cell-0,0.9129207,3.0594866,19.289062,18.725456867748793,2.9526334
2026-09-28 12:14:19.260309+00:00,ue-4,cell-0,1.6779586,2.3187025,16.299904,18.673473053876588,2.2849267
2026-09-28 12:14:19.260309+00:00,ue-5,cell-0,1.0036795,2.8440163,18.323418,18.743290663256712,2.573736
2026-09-28 12:14:19.360309+00:00,ue-0,cell-0,1.7361925,2.0780509,15.897058,18.66580476689129,2.1323633
2026-09-28 12:14:19.360309+00:00,ue-1,cell-0,1.0942177,2.0678418,15.386479,18.019239145543757,2.0479414
2026-09-28 12:14:19.360309+00:00,ue-2,cell-0,1.7195761,1.9676058,15.692809,18.673473053876588,2.1787899
2026-09-28 12:14:19.360309+00:00,ue-3,cell-0,0.90576184,3.4064054,19.409575,18.725456867748793,2.841607
2026-09-28 12:14:19.360309+00:00,ue-4,cell-0,1.2732092,2.4085984,16.504787,17.71419165677725,2.4317772
2026-09-28 12:14:19.360309+00:00,ue-5,cell-0,1.0655369,2.6481822,18.476864,18.27111467275371,2.6082833
2026-09-28 12:14:19.460309+00:00,ue-0,cell-0,1.6179242,2.0804617,15.664506,18.721903688471215,2.1323633
2026-09-28 12:14:19.460309+00:00,ue-1,cell-0,1.086879,2.0309644,15.250425,18.019239145543757,2.094368
2026-09-28 12:14:19.460309+00:00,ue-2,cell-0,1.7277449,1.8843436,15.513921,18.673473053876588,2.1787899
2026-09-28 12:14:19.460309+00:00,ue-3,cell-0,0.88125753,3.3003316,19.273521,18.704381924270695,2.9526334
2026-09-28 12:14:19.460309+00:00,ue-4,cell-0,1.2872021,2.4018526,16.63347,17.71419165677725,2.4317772
2026-09-28 12:14:19.460309+00:00,ue-5,cell-0,1.1026635,2.7903225,18.717117,18.019239145543757,2.9526334
2026-09-28 12:14:19.560309+00:00,ue-0,cell-0,1.6155096,2.204818,15.800561,18.721903688471215,2.1323633
2026-09-28 12:14:19.560309+00:00,ue-1,cell-0,1.0942177,2.0550523,15.386479,18.019239145543757,2.0479414
2026-09-28 12:14:19.560309+00:00,ue-2,cell-0,1.8611091,1.9676058,15.692809,18.397210966077175,2.1787899
2026-09-28 12:14:19.560309+00:00,ue-3,cell-0,0.93982077,3.318787,19.996822,18.725456867748793,2.9526334
2026-09-28 12:14:19.560309+00:00,ue-4,cell-0,1.2732092,2.4085984,16.504787,17.71419165677725,2.4317772
2026-09-28 12:14:19.560309+00:00,ue-5,cell-0,1.0441843,2.788093,18.719908,18.27111467275371,2.9526334
2026-09-28 12:14:19.660309+00:00,ue-0,cell-0,1.6110065,2.300502,16.253607,18.721903688471215,2.139475
2026-09-28 12:14:19.660309+00:00,ue-1,cell-0,1.2697654,1.9844316,15.787572,17.71419165677725,2.1787899
2026-09-28 12:14:19.660309+00:00,ue-2,cell-0,1.869278,1.8843436,15.513921,18.397210966077175,2.1787899
2026-09-28 12:14:19.660309+00:00,ue-3,cell-0,0.86795056,3.2528071,19.722172,18.704381924270695,2.9526334
2026-09-28 12:14:19.660309+00:00,ue-4,cell-0,1.281378,2.4044585,16.368732,17.71419165677725,2.3542192
2026-09-28 12:14:19.660309+00:00,ue-5,cell-0,0.8898399,3.0539486,19.289062,18.704381924270695,2.9526334
2026-09-28 12:14:19.760309+00:00,ue-0,cell-0,1.4974976,2.1774905,16.174559,19.525393882098076,2.1323633
2026-09-28 12:14:19.760309+00:00,ue-1,cell-0,1.2763458,1.8882971,15.5609255,17.71419165677725,2.1787899
2026-09-28 12:14:19.760309+00:00,ue-2,cell-0,1.8611091,1.9676058,15.692809,18.397210966077175,2.1787899
2026-09-28 12:14:19.760309+00:00,ue-3,cell-0,0.8924548,3.4617627,19.29877,18.704381924270695,2.9391892
2026-09-28 12:14:19.760309+00:00,ue-4,cell-0,1.5065929,2.509418,17.015972,19.773944948975792,2.5890474
2026-09-28 12:14:19.760309+00:00,ue-5,cell-0,1.1213042,2.7675629,19.692936,18.019239145543757,2.9526334
2026-09-28 12:14:19.860309+00:00,ue-0,cell-0,1.4929944,2.3050308,16.296312,19.557664354682363,2.2849267
2026-09-28 12:14:19.860309+00:00,ue-1,cell-0,1.086879,2.018175,15.266561,18.019239145543757,2.094368
2026-09-28 12:14:19.860309+00:00,ue-2,cell-0,1.8422554,1.8843436,15.530056,18.397210966077175,2.1787899
2026-09-28 12:14:19.860309+00:00,ue-3,cell-0,0.86795056,3.3838627,19.252123,18.704381924270695,2.841607
2026-09-28 12:14:19.860309+00:00,ue-4,cell-0,1.6122913,2.8263724,18.654041,18.721903688471215,2.5816977
2026-09-28 12:14:19.860309+00:00,ue-5,cell-0,1.1266706,2.7657998,18.61819,18.019239145543757,2.4972758
2026-09-28 12:14:19.960309+00:00,ue-0,cell-0,1.6109791,2.199083,15.800561,18.721903688471215,2.1323633
2026-09-28 12:14:19.960309+00:00,ue-1,cell-0,1.089687,2.0493174,15.386479,18.019239145543757,2.0479414
2026-09-28 12:14:19.960309+00:00,ue-2,cell-0,1.8565786,1.9618707,15.692809,18.397210966077175,2.1787899
2026-09-28 12:14:19.960309+00:00,ue-3,cell-0,0.8879242,3.3996434,19.286856,18.704381924270695,2.841607
2026-09-28 12:14:19.960309+00:00,ue-4,cell-0,1.4004527,2.9053147,19.084265,17.88937475584942,3.0370553
2026-09-28 12:14:19.960309+00:00,ue-5,cell-0,1.0396537,2.7883167,18.768177,18.27111467275371,2.9526334
2026-09-28 12:14:20.060309+00:00,ue-0,cell-0,1.6222605,2.142925,15.664506,18.721903688471215,2.1323633
2026-09-28 12:14:20.060309+00:00,ue-1,cell-0,1.2690072,1.8514197,15.4248705,17.71419165677725,2.1787899
2026-09-28 12:14:20.060309+00:00,ue-2,cell-0,1.869278,1.8843436,15.513921,18.397210966077175,2.1787899
2026-09-28 12:14:20.060309+00:00,ue-3,cell-0,0.87161493,3.3929787,19.220388,18.704381924270695,2.841607
2026-09-28 12:14:20.060309+00:00,ue-4,cell-0,1.4342312,2.9379818,18.671919,18.471720388127963,2.5816977
2026-09-28 12:14:20.060309+00:00,ue-5,cell-0,1.0916295,2.7430038,18.433388,18.019239145543757,2.573736
2026-09-28 12:14:20.160309+00:00,ue-0,cell-0,1.7617096,1.9508468,15.595389,18.673669092613203,2.1787899
2026-09-28 12:14:20.160309+00:00,ue-1,cell-0,1.277104,2.021308,15.923627,17.71419165677725,2.1787899
2026-09-28 12:14:20.160309+00:00,ue-2,cell-0,1.6409663,1.9444453,15.692809,18.716159014749596,2.1787899
2026-09-28 12:14:20.160309+00:00,ue-3,cell-0,0.80690163,3.659587,19.846914,18.704381924270695,2.9391892
2026-09-28 12:14:20.160309+00:00,ue-4,cell-0,1.4049833,2.916044,18.9692,17.88937475584942,3.0370553
2026-09-28 12:14:20.160309+00:00,ue-5,cell-0,1.0971808,2.4729922,16.622725,18.019239145543757,2.3874028
2026-09-28 12:14:20.260309+00:00,ue-0,cell-0,1.7684604,1.9139692,15.47547,18.673669092613203,2.1787899
2026-09-28 12:14:20.260309+00:00,ue-1,cell-0,1.086879,2.018175,15.266561,18.019239145543757,2.094368
2026-09-28 12:14:20.260309+00:00,ue-2,cell-0,1.6221125,1.8861982,15.530056,18.721903688471215,2.1787899
2026-09-28 12:14:20.260309+00:00,ue-3,cell-0,0.8083854,3.6206331,19.72354,18.704381924270695,2.9391892
2026-09-28 12:14:20.260309+00:00,ue-4,cell-0,1.3861295,2.90328,18.849281,17.88129206394687,3.0370553
2026-09-28 12:14:20.260309+00:00,ue-5,cell-0,0.97597367,2.7628512,18.449522,18.725456867748793,2.573736
2026-09-28 12:14:20.360309+00:00,ue-0,cell-0,1.8927195,1.9676058,15.692809,18.145663268306304,2.1787899
2026-09-28 12:14:20.360309+00:00,ue-1,cell-0,1.277104,2.0295436,15.923627,17.71419165677725,2.1787899
2026-09-28 12:14:20.360309+00:00,ue-2,cell-0,1.6409663,1.9444453,15.692809,18.716159014749596,2.1787899
2026-09-28 12:14:20.360309+00:00,ue-3,cell-0,0.8842276,3.5819283,19.308792,18.704381924270695,2.9391892
2026-09-28 12:14:20.360309+00:00,ue-4,cell-0,1.3975666,2.9185877,18.999268,17.88937475584942,3.0370553
2026-09-28 12:14:20.360309+00:00,ue-5,cell-0,1.1819772,2.7769332,18.569443,18.04245738705341,2.573736
2026-09-28 12:14:20.460309+00:00,ue-0,cell-0,1.9264929,1.8843436,15.513921,17.976987780820437,2.1787899
2026-09-28 12:14:20.460309+00:00,ue-1,cell-0,1.2690072,1.8596555,15.4248705,17.71419165677725,2.1787899
2026-09-28 12:14:20.460309+00:00,ue-2,cell-0,1.6491351,1.861183,15.513921,18.716159014749596,2.1787899
2026-09-28 12:14:20.460309+00:00,ue-3,cell-0,0.7789128,3.5490017,19.736532,18.80113483908054,2.9391892
2026-09-28 12:14:20.460309+00:00,ue-4,cell-0,1.4057354,2.8808084,18.863214,17.88937475584942,3.0370553
2026-09-28 12:14:20.460309+00:00,ue-5,cell-0,1.200243,2.496712,18.340809,17.97876732327637,2.6082833
2026-09-28 12:14:20.560309+00:00,ue-0,cell-0,1.5823929,1.9676058,15.692809,18.81857835077689,2.1787899
2026-09-28 12:14:20.560309+00:00,ue-1,cell-0,1.277104,2.021308,15.923627,17.71419165677725,2.1787899
2026-09-28 12:14:20.560309+00:00,ue-2,cell-0,1.6409663,1.9444453,15.692809,18.716159014749596,2.1787899
2026-09-28 12:14:20.560309+00:00,ue-3,cell-0,0.8924548,3.4136992,19.400587,18.704381924270695,2.841607
2026-09-28 12:14:20.560309+00:00,ue-4,cell-0,1.497083,2.927756,19.084265,19.525393882098076,3.0370553
2026-09-28 12:14:20.560309+00:00,ue-5,cell-0,1.100799,2.7772639,19.007282,18.019239145543757,2.9526334
2026-09-28 12:14:20.660309+00:00,ue-0,cell-0,1.5891438,1.8843436,15.530056,18.721903688471215,2.1787899
2026-09-28 12:14:20.660309+00:00,ue-1,cell-0,1.2697654,1.9844316,15.803707,17.71419165677725,2.1787899
2026-09-28 12:14:20.660309+00:00,ue-2,cell-0,1.6221125,1.861183,15.530056,18.721903688471215,2.1787899
2026-09-28 12:14:20.660309+00:00,ue-3,cell-0,0.8278457,3.5522172,19.380684,18.704381924270695,2.9391892
2026-09-28 12:14:20.660309+00:00,ue-4,cell-0,1.5095214,2.8883748,19.21768,19.773944948975792,3.0370553
2026-09-28 12:14:20.660309+00:00,ue-5,cell-0,1.119065,2.7704585,18.887363,18.019239145543757,2.9526334
2026-09-28 12:14:20.760309+00:00,ue-0,cell-0,1.5223808,1.9347198,15.447556,19.909731063500196,2.1787899
2026-09-28 12:14:20.760309+00:00,ue-1,cell-0,1.2510382,1.855411,15.315672,17.77535071633402,2.1787899
2026-09-28 12:14:20.760309+00:00,ue-2,cell-0,1.609504,1.9086665,15.447556,18.721903688471215,2.1787899
2026-09-28 12:14:20.760309+00:00,ue-3,cell-0,0.79490095,3.6270752,19.794306,18.704381924270695,2.9391892
2026-09-28 12:14:20.760309+00:00,ue-4,cell-0,1.435365,2.962857,19.731512,18.471720388127963,3.0370553
2026-09-28 12:14:20.760309+00:00,ue-5,cell-0,0.7075067,3.1343358,19.2651,18.752794899667155,2.9526334
2026-09-28 12:14:20.860309+00:00,ue-0,cell-0,1.504079,1.9618707,15.692809,19.773944948975792,2.1787899
2026-09-28 12:14:20.860309+00:00,ue-1,cell-0,1.2690072,1.8825619,15.5609255,17.71419165677725,2.1787899
2026-09-28 12:14:20.860309+00:00,ue-2,cell-0,1.6221125,1.9358174,15.692809,18.721903688471215,2.1787899
2026-09-28 12:14:20.860309+00:00,ue-3,cell-0,0.7922199,3.6041768,19.846914,18.704381924270695,2.9391892
2026-09-28 12:14:20.860309+00:00,ue-4,cell-0,1.2549984,3.3596973,20.161707,17.77535071633402,3.0370553
2026-09-28 12:14:20.860309+00:00,ue-5,cell-0,0.6795998,3.205036,19.45761,18.752794899667155,2.9526334
2026-09-28 12:14:20.960309+00:00,ue-0,cell-0,1.7956604,1.9325126,15.692809,18.66192687236419,2.1787899
2026-09-28 12:14:20.960309+00:00,ue-1,cell-0,1.1710042,1.9891306,15.386479,18.04245738705341,2.094368
2026-09-28 12:14:20.960309+00:00,ue-2,cell-0,1.6409663,1.9415525,15.692809,18.716159014749596,2.1787899
2026-09-28 12:14:20.960309+00:00,ue-3,cell-0,0.89233285,3.3449607,19.400587,18.704381924270695,2.9526334
2026-09-28 12:14:20.960309+00:00,ue-4,cell-0,1.1258122,3.4797504,19.409575,18.019239145543757,2.9391892
2026-09-28 12:14:20.960309+00:00,ue-5,cell-0,1.320036,3.1309104,19.656206,17.71419165677725,3.0370553
2026-09-28 12:14:21.060309+00:00,ue-0,cell-0,1.7294322,1.8718417,15.513921,18.673473053876588,2.1787899
2026-09-28 12:14:21.060309+00:00,ue-1,cell-0,1.1636655,1.9522535,15.250425,18.04245738705341,2.094368
2026-09-28 12:14:21.060309+00:00,ue-2,cell-0,1.6491351,1.8582903,15.513921,18.716159014749596,2.1787899
2026-09-28 12:14:21.060309+00:00,ue-3,cell-0,0.8678286,3.2601695,18.86855,18.704381924270695,2.9526334
2026-09-28 12:14:21.060309+00:00,ue-4,cell-0,0.8801781,3.3130603,19.349724,18.704381924270695,2.9526334
2026-09-28 12:14:21.060309+00:00,ue-5,cell-0,1.3383021,3.168283,20.09186,17.705390498003183,3.0370553
2026-09-28 12:14:21.160309+00:00,ue-0,cell-0,1.7212634,1.9325126,15.692809,18.673473053876588,2.1787899
2026-09-28 12:14:21.160309+00:00,ue-1,cell-0,1.0942177,2.063288,15.386479,18.019239145543757,2.0479414
2026-09-28 12:14:21.160309+00:00,ue-2,cell-0,1.6672417,1.9530007,15.692809,18.673473053876588,2.1787899
2026-09-28 12:14:21.160309+00:00,ue-3,cell-0,0.9094262,3.4541154,19.271252,18.725456867748793,2.9391892
2026-09-28 12:14:21.160309+00:00,ue-4,cell-0,0.9431452,3.607095,19.651648,18.725456867748793,2.9391892
2026-09-28 12:14:21.160309+00:00,ue-5,cell-0,1.3603116,3.3725684,19.640669,17.8343770078127,2.926029
2026-09-28 12:14:21.260309+00:00,ue-0,cell-0,1.7024096,1.8718417,15.530056,18.673473053876588,2.1787899
2026-09-28 12:14:21.260309+00:00,ue-1,cell-0,1.2697654,1.9926674,15.803707,17.71419165677725,2.1787899
2026-09-28 12:14:21.260309+00:00,ue-2,cell-0,1.6483879,1.8697385,15.530056,18.716159014749596,2.1787899
2026-09-28 12:14:21.260309+00:00,ue-3,cell-0,0.8849219,3.4222956,19.236523,18.704381924270695,2.841607
2026-09-28 12:14:21.260309+00:00,ue-4,cell-0,0.88078314,3.5932903,19.72354,18.704381924270695,2.9391892
2026-09-28 12:14:21.260309+00:00,ue-5,cell-0,1.4313526,3.2412913,20.041784,18.471720388127963,3.0370553
2026-09-28 12:14:21.360309+00:00,ue-0,cell-0,1.6587533,2.09043,16.046427,18.678447110227705,2.1323633
2026-09-28 12:14:21.360309+00:00,ue-1,cell-0,1.0450364,2.148177,15.876384,18.27111467275371,2.0479414
2026-09-28 12:14:21.360309+00:00,ue-2,cell-0,1.6171052,2.1154728,16.046427,18.721903688471215,2.1323633
2026-09-28 12:14:21.360309+00:00,ue-3,cell-0,0.8549773,3.496986,18.836172,18.704381924270695,2.9391892
2026-09-28 12:14:21.360309+00:00,ue-4,cell-0,0.8153624,3.6382787,19.513489,18.704381924270695,2.9391892
2026-09-28 12:14:21.360309+00:00,ue-5,cell-0,1.2477652,3.029693,19.121658,17.77535071633402,3.0370553
2026-09-28 12:14:21.460309+00:00,ue-0,cell-0,1.6612513,2.0603178,15.447556,18.673473053876588,2.1323633
2026-09-28 12:14:21.460309+00:00,ue-1,cell-0,1.06891,2.1117399,15.141227,18.087301273073095,2.0479414
2026-09-28 12:14:21.460309+00:00,ue-2,cell-0,1.6357794,2.0808058,15.447556,18.716159014749596,2.1323633
2026-09-28 12:14:21.460309+00:00,ue-3,cell-0,0.87068945,3.467365,19.241356,18.704381924270695,2.9391892
2026-09-28 12:14:21.460309+00:00,ue-4,cell-0,0.96064097,3.642854,20.777277,18.725456867748793,2.9391892
2026-09-28 12:14:21.460309+00:00,ue-5,cell-0,1.2218887,3.422176,19.896809,17.97876732327637,2.926029
2026-09-28 12:14:21.560309+00:00,ue-0,cell-0,1.7212634,1.9369392,15.692809,18.673473053876588,2.1787899
2026-09-28 12:14:21.560309+00:00,ue-1,cell-0,1.277104,2.021308,15.923627,17.71419165677725,2.1787899
2026-09-28 12:14:21.560309+00:00,ue-2,cell-0,1.6409663,1.9415525,15.692809,18.716159014749596,2.1787899
2026-09-28 12:14:21.560309+00:00,ue-3,cell-0,0.8841056,3.517493,19.308792,18.704381924270695,2.9391892
2026-09-28 12:14:21.560309+00:00,ue-4,cell-0,1.0702322,3.7451944,20.142117,18.087301273073095,2.9391892
2026-09-28 12:14:21.560309+00:00,ue-5,cell-0,1.3064517,3.1309104,19.656206,17.71419165677725,3.0370553
2026-09-28 12:14:21.660309+00:00,ue-0,cell-0,1.7024096,1.9312041,15.692809,18.673473053876588,2.1787899
2026-09-28 12:14:21.660309+00:00,ue-1,cell-0,1.086879,2.0493174,15.386479,18.019239145543757,2.0479414
2026-09-28 12:14:21.660309+00:00,ue-2,cell-0,1.6221125,1.9358174,15.692809,18.721903688471215,2.1787899
2026-09-28 12:14:21.660309+00:00,ue-3,cell-0,0.7867882,3.481508,19.651648,18.704381924270695,2.9391892
2026-09-28 12:14:21.660309+00:00,ue-4,cell-0,0.95608395,3.7659597,19.82928,18.725456867748793,2.9391892
2026-09-28 12:14:21.660309+00:00,ue-5,cell-0,1.2532372,3.131134,19.656206,17.77535071633402,3.0370553
